"Product Code","Availability"
"PT32-BBK",1
"IGC100",1
"WHS4",1
"1NK2YA0068",1
"BIGMINI",1
"BTMINI",1
"CAT-IB25",1
"ES3",1
"GDC900",1
"GS64-BK",1
"GS64-BL",1
"GS64-GY",1
"GS64-RD",1
"IFT20",1
"PHMINI",1
"PTPRE",1
"TS9",1
"ST101",1
"ST201",1
"1NK1PA0729",0
"1NK1PA0738",0
"1NK1PC0496",0
"1NKATK42",1
"8SDC7002",1
"8SPB5006",1
"8SPBN007",1
"8SPBN008",1
"8SPBN014",1
"8SPBN016",1
"8SPBN017",1
"8SPBN018",1
"B200",1
"B300-BK",1
"FLMINI",1
"GSF50-BK",1
"GSF50-BL",1
"GSF50-BR",1
"GSF50-RD",1
"IBAL001L",1
"IBAL001M",1
"IBAL001S",1
"IBAL001XL",1
"IBAL001XXL",1
"IBAP001S",1
"IDC1",0
"IGB-JSEB",1
"IML21",1
"IPP10",1
"ITT12-L",1
"IUC10",1
"MB300C",1
"PGS12",1
"PTGATE",1
"TRMINI",1
"TS9DX",1
"1NK27A0016",1
"1NKPGSR5",1
"2SUX5BA002",0
"8KBC7002",1
"8OPC7012",1
"8OPC7013",1
"8OPC7014",1
"8OPC7015",1
"8OPC7030",1
"8OPC7031",1
"8OPC7032",1
"8OPC7038",1
"8PCC7005",1
"EJK1000",1
"IAB101",1
"IABB101",1
"ICB101",1
"ISW10",1
"ITT12-M",1
"LD303",1
"1B-1NK1PA0387",1
"1B-1NK1PA0619",1
"1B-UICT10-CA",1
"1NK00A0400FCN",0
"1NK00C0031",0
"1NK1PA0632",1
"1NK1PA0705",1
"1NK1PA0719",0
"1NK1PC0055",1
"1NK1PC0233",1
"1NK1PC0452SKF",1
"1NK1PC0459BTT",1
"1NK1PC0465TVB",1
"1NK1PC0491",0
"1NK1PC0516",0
"1NK1PC0520BTL",0
"1NK1PC0525CGL",0
"1NK1PC0536CTL",0
"2ED1L31K",1
"4JP00A0001",1
"8JKC7004",1
"8JKC7005",1
"8KBC3006",1
"8KBC3007",1
"8OPC7001",1
"8OPC7003",1
"8OPC7004",1
"8OPC7005",1
"8OPC7006",1
"8OPC7008",1
"8OPC7009",1
"8OPC7010",1
"8OPC7029",1
"8OPC7033",1
"8OPC7034",1
"8OPC7036",1
"8PCBN011",1
"8PCBN014",1
"8PCBN016",1
"8PCBN017",1
"8PCBN039",1
"8PCBN040",1
"8PCBN046",1
"8PTBN003J",1
"8PTBN003N",1
"8PTBN003S",1
"8PTBN003U",1
"8SWC7001",1
"8SWC7003",1
"8VRC7001",1
"8VRC7002",1
"8VRC7003",1
"8VRC7004",1
"8VRC7005",1
"ADMINI",1
"BEL14HD10",1
"BEL14HD12",1
"BEL14ST10",1
"BEL14ST12",1
"BEL16HD10SHBK",1
"BEL16ST10SHBK",1
"BEL18HD12",1
"BEL18ST12",1
"BEL4HD22",1
"BEL4ST22",1
"BEL8HD10",1
"BEL8ST10",1
"BELJ1HD25",1
"BELJ1ST25",1
"CSMINI",1
"ESPR1003",1
"ESPR2003",1
"GSB50-C4",1
"GSF50-MGN",1
"GSQ501-BR",1
"GSV50-P2",1
"IBS50E1",0
"IBZ-GIG-UKC10",1
"IBZ-SPECIAL",1
"ICT10RG",1
"IEP10",1
"IFR50M",1
"INKS001",1
"MR350C",1
"MR500C",1
"MRB350C",1
"MRB500C",1
"PPA1M-BK",1
"PPA1M-WH",1
"SMMINI",1
"TS808",1
"TS808HWV2",1
"TS9B",1
"TSMINI",1
"TUNANO",1
"TWP10",1
"4450JX",1
"4450LX",1
"4450SX",1
"8PTBN009S",1
"FS40UC",1
"IBB101",1
"ICC10",1
"IGB101",1
"ISC1",1
"T15II",1
"T30II",1
"T80II",1
"1B-PGPSC",1
"1B-UICT10-MGS",1
"1B-UICT100MGS",1
"1B-URGT100-BK",1
"2EL1J11LG",1
"3PUS58B1-GDG",1
"4CPCEHB-BKF",1
"4PGBTMB2-FB",1
"4PGBTMB25-FB",1
"4PT1YAX2B",1
"8KBC7003",1
"8OPC7023",1
"8OPC7024",1
"8OPC7027",1
"8OPC7028",1
"8PCBN010",1
"8PCBN015",1
"8PCBN038",1
"8PCBN042",1
"8SDC7001",1
"8VRBH008",1
"B1000SVGPY",1
"BWS90",1
"BWS900",1
"DC301L",1
"DC501L",1
"DCS50-BK",1
"DCS50-OC",1
"FRS900JA",1
"GS100ICHI",1
"GSD50-BL",1
"GSD50-P6",1
"GSD50-RD",1
"GSD50-YE",1
"GSV50-P1",1
"IBAT007L",1
"IBAT007M",1
"IBAT007S",1
"IBAT007XL",1
"IBAT007XXL",1
"IBAT008S",1
"IBPIN001",1
"IBZ10BV2",1
"IBZ10GV2",1
"IGR10-BK",0
"ISB4-BK",1
"MTZ11",1
"PTEQ",1
"PU3-BK",1
"PU3-BL",1
"PU3-RD",1
"PUL22M",1
"PULT1",1
"V50-BAG",1
"VC50-BAG",1
"WS1",1
"1NK00A0430-WK",1
"2CL2-7",1
"4449EG4EXX",1
"4449UC4X",1
"4KBB20WB-BK",1
"4PT4LA0009",0
"4TRC0009-FB",1
"5AWR01E",1
"8PCC7006",1
"AEB8E-BK",1
"AEG50-BK",1
"AEG50N-NT",1
"GSTL60-BK",1
"IFC1000",1
"IFS2L",1
"IMC50FS",1
"TCY10E-BK",1
"VC50-ZUBBAG",1
"+SCREWTRUS-BK",1
"1B-RGDMS8-CSM",1
"1NKPGSR4L-BK",1
"2GB1JG101K",1
"4CPTAZSA-WH",1
"4PG4LA0010",1
"4PGAZSSS-MBM",1
"4PGG1M001",1
"4PGG4Z002-FWB",1
"4PGGRHHR-BWB",1
"5ECSDP1",1
"5EHJB5X",0
839,1
"8OPC7035",1
"8PCBN044",1
"8PTBN011J",1
"8PTBN011N",1
"8PTBN011S",1
"8PTBN011U",1
"8VL1335Z1",1
"8VL1342N1",1
"8VRC3025",1
"8VRC3026",1
"8VRC3027",1
"AR520HME-NT",1
"AS73FM-TIF",1
"AZ22S2-BK",1
"AZ24S2-BK",1
"AZES31-IV",1
"AZES31-VM",1
"AZES40-BK",1
"AZES40-TUN",1
"B1000KL-BK",1
"B1000KL-RD",1
"B1000PG-BK",1
"B1000PG-CA",1
"B1000PG-JB",1
"B1000PG-PW",1
"B1000PG-WH",1
"B1000PG-YE",1
"B1000SV-BR",1
"B1000SV-GR",1
"B1000SV-MP",1
"B1000SVR-WH",1
"DCS50-DB",1
"DCS50-MGN",1
"DCS50-NB",1
"DCS50-WR",1
"DCS50D-BKD",1
"DCS50D-RD",1
"GSB50-C5",1
"IAPC1",1
"IBAT011L",1
"IBAT011S",1
"IBJS5",1
"IGB651-KH",1
"IMDS4",1
"ISB4-YE",1
"JEMJRSP-PK",1
"MGB100C",1
"MM100C",1
"P1000ICHI-BK",1
"RG450DXB-WH",1
"RGR52ET-BK",1
"TMB100-BK",1
"WH10V3",1
"1B-AEG721-BOT",1
"4KBB20B-BK",1
"4PT4LA0013",0
"4WR001-CH",1
"8PCC7002",1
"AE100-BUF",1
"AEG1221-BOT",1
"AEG621-BOT",0
"AEG721-BOT",1
"AEWC621-BOT",1
"GA621-BOT",0
"GWS100",1
"IABS4C",1
"IABS4C32",1
"IABS4XC",1
"IABS4XC32",1
"ICGC10",1
"ICGC10W",1
"IGCX10",1
"IUBC301-BE",1
"IUBC301-BK",1
"IUBS301-BK",1
"IUBT301-BK",1
"PF15-BK",1
"PF15ECE-BK",1
"PF15ECE-NT",1
"PIACS6C",1
"PIACSP6C",1
"PICLS6HT",1
"PICLS6NT",1
"SI5",1
"SI5L",1
"TCY621-BOT",1
"1B-JBM27",1
"1B-RG450QMBSP",1
"1B-RG8EX-BKF",1
"2BB506-BFK",1
"2FREHB5-WK",1
"2MG0051L-GD",1
"2MG0080L-CH",0
"2MG0080R-CH",0
"2TRAT102L-BK",1
"3EMP3BA",0
"3EMPMIPZA",1
"3V504SAS01-SL",1
"3VPV25AL",1
"4N4163401RPBK",1
"4NUB5R-PBK",1
"4PGAAAML-RT",1
"540PIII-BK",1
"5ANT28B",0
"8PCC7004",1
"AR420-VLS",0
"AZ24S1F-VLS",1
"AZES40-MGR",1
"AZES40-PRB",1
"B1100GB",1
"DCS50D-CGY",1
"DCS50D-LBL",1
"DCS50D-MGN",1
"DCS50D-PBD",1
"GRG140-SB",0
"GRG140-WH",0
"GRG170DX-SV",1
"GRX70QA-SB",0
"GSLZ60LG-BK",1
"GSR105EX-BK",1
"GSR180-BK",1
"GSR200-BK",1
"GSR205-BK",1
"GSRM20-BK",1
"GSRM25-BK",0
"GWS32",1
"IFS2U",1
"IGB651-GY",0
"IGB681-BL",1
"IGB681-GY",1
"IGB681-KH",1
"IV1RG",1
"IV1SR",0
"IV2MDM",0
"IV2RG",0
"JBM27",1
"K7YANG",0
"K7YIN",0
"M510E-BS",1
"MS100C",0
"NDM5-SB",1
"PCE9H-SH",1
"PCP14H-C1",1
"PCP16H-C2",1
"PWM20",1
"RG420EX-BKF",1
"RG421-MOL",1
"RG421DX-TWS",0
"RG421EX-BKF",1
"RG450B-WK",1
"RG450QMB-SPB",0
"RG460DX-BLH",1
"RG470DX-TMN",1
"RG470DXFM-CS",1
"RG470DXW-CA",1
"RG550-BK",1
"RG7420EX-BKF",1
"RG7421EX-BKF",0
"RG8EX-BKF",1
"RGA42AH-BKS",1
"RGR6BSP-IPT",1
"RGRT420-WK",1
"RGRT421-WK",1
"S521-BBS",1
"S521-MOL",1
"S670QM-SPB",1
"SA260FM-VLS",1
"SA360NQM-SPB",0
"SR300E-IPT",1
"SR300E-PW",1
"SR300EB-CA",1
"SR300EB-WK",1
"SR300EB-WNF",1
"SR305E-PW",0
"SR305EB-WK",1
"SR305EB-WNF",1
"SR306EB-WK",1
"TMB100-MGR",1
"TMB100L-BK",0
"TMB30-BK",1
"TMB30-IV",1
"TMB420B-BKF",1
"TMB425B-BKF",1
"URGT100-BK",1
"1B-5AJB05F",1
"1B-AEGB30ENTG",1
"1B-GA3-OAM",1
"1B-GA5TCE-AM",1
"4CPC00A001BKF",1
"4CPT0006R-WBW",0
"4PT4LA0002",1
"4TRC0002-RBK",1
"AE160-VMS",1
"AE245-NT",1
"AEG5012-BKH",1
"AEG50N-BKH",1
"AEG70-TCH",1
"AEG7MH-OPN",1
"AEGB24E-BKH",1
"AEGB30E-NTG",1
"AEWC400-TKS",1
"AJ54E-OPN",1
"AJ70M1E-BK",1
"ALT50FA-TVT",0
"AMH90-BK",1
"AUT10-OPN",1
"AW8412CE-WK",1
"AW84CE-WK",1
"BER10",0
"GA3-OAM",1
"GA35TCE-NT",1
"GA3ECE-OAM",0
"GA5MHTCE-OPN",1
"GA5TCE-AM",1
"GA6CE-AM",1
"IAB541TW",1
"IACS6C",1
"IBBMIKRO",1
"ICB620-BKF",0
"ICLS6HT",1
"ICLS6NT",1
"IGB651-NB",1
"IGBMIKRO",1
"IGBQ724-BK",1
"M8M",1
"MRC10-NT",0
"MTZ11-BBK",1
"PC14MHCE-WK",1
"PCBE12MH-OPN",1
"PCBE14MH-WK",1
"RG550-RF",1
"RGMS7-BK",1
"TCM50-VBS",1
"TCY12E-OPN",1
"V40-OPN",1
"V40CE-OPN",1
"V40WSCE-OPB",0
"VC40WSCE-OPB",0
"VC44-OPN",1
"VC44CE-OPN",0
"1B-SRMS720BCM",1
"1B-URGT100SUR",1
"2MC0001L-GDB",0
"2MG0008R-BK",1
"3PUV8B4-FBB",1
"3VR1C500C",1
"4PRBN005-BK",1
"540PIII-PN",1
"5ECAHA1-GD",1
"8KBB5006",1
"8PCC7003",1
"AF55-TF",1
"AF75-BS",1
"AF75G-BKF",1
"AGB200-BKF",1
"AJ7012M1E-BK",0
"AM73G-BK",0
"AR320-MBM",0
"AR420-BMG",1
"AT100CL-SB",0
"AZ2203N-BK",1
"AZ22S1F-TKS",1
"AZ22S1F-TXB",1
"AZ2407F-SDE",0
"AZ24S1F-TKS",1
"AZ24S1F-TXB",1
"AZES31-AOC",1
"AZES40L-PRB",0
"AZS2209B-BK",1
"BTB25TH5-SLM",1
"BTB605-TGF",1
"BTB606-TGF",1
"BTB747-NTL",0
"EWP14WB-OPN",1
"FRH10N-NTF",1
"GRG120QASPBGD",1
"GRG120QASPBKG",0
"GRG121DX-BKF",0
"GRG121DX-WNF",1
"GRG131DX-BKF",1
"GRG170DX-BKN",1
"GRGA120-BKN",1
"GRGR131EX-BKF",1
"GRGR221PA-AQB",1
"GRGR330EX-BKF",1
"GRX120SP-VRD",1
"GRX40-BKN",1
"GRX40-CA",1
"GSA60-BKN",1
"GSA60-BS",1
"GSA60-WNF",1
"GSR180-BS",0
"GSR185-JB",1
"GSR186-PW",1
"GSR200-BPK",1
"GSR200-CEB",1
"GSR200-MGR",1
"GSR200-PW",1
"GSR200B-WK",1
"GSR200B-WNF",0
"GSR205B-WK",1
"GSR205B-WNF",1
"GSR206B-WNF",1
"GSRM20-BS",1
"GSRM20-MPL",1
"GSRM20-SLB",0
"GSRM20B-WK",1
"GSRM20B-WNF",1
"GSRM20L-BK",1
"GVB36-AM",0
"IACSP6C",1
"IEBS4CMK",1
"IEBS5CMK",1
"IGC10",1
"IGC10W",1
"IGCZ10",1
"IGCZ20",1
"ILS1-WH",1
"IPCS6C",1
"IUKS4",1
"JEMJR-BK",1
"JEMJR-WH",1
"JS2GD",1
"K5-BKF",1
"MF100C",1
"PCP14MH-C1",1
"PCP14XH-C1",1
"PCP16XH-C2",1
"PIEGS61",1
"RG421AHM-BMT",1
"RG421EX-PBE",1
"RG421EXL-BKF",1
"RG421PB-CHF",1
"RG421QM-CBB",1
"RG421S-SEM",1
"RG450QMB-TGB",1
"RG460DX-ROM",1
"RG470AHM-BMT",1
"RG470PB-REB",1
"RG550-EB",1
"RG550-PN",0
"RG565R-EB",1
"RG565R-LB",1
"RG565R-VK","unknown"
"RG7421EXL-BKF",1
"RG8570EM-NT","unknown"
"RGA42FM-BLF",1
"RGA42FM-TGF",1
"RGA742FM-TGF",1
"RGD621AH-MNF",0
"RGIB21-BK",0
"RGMS8-BK",1
"S520AH-ABS",0
"S520AH-OBF",0
"S621QM-DEB",1
"S670QM-DEB",1
"SA260FM-BRG",1
"SA260FM-TGB",1
"SA360NQM-BMG",1
"SR300E-CUB",0
"SR300E-DOT",1
"SR300E-SVM",1
"SR300EBL-WK",0
"SR305E-DOT",1
"SR305EBL-WK",1
"SR305EDX-RGC",1
"SR3500-BK",0
"SR3505-BK",0
"SR3506-BK",0
"SR370EF-BBT",1
"SR400EQM-DEB",0
"SR505EL-BM",1
"SR605E-BKT",0
"TMB100-TFB",0
"TMB30-MGR",1
"TMB35-MGR",1
"TMB400TA-CBS",0
"TMB400TA-IAB",1
"TMB405TA-CBS",1
"UEW12E-BIF",1
"UEW5E-OPN",1
"UEWT5E-OPN",1
"URGT100-SUR",1
"URGT100-SUY",1
"1B-AW65-LG",1
"1B-PF16WCE-NT",1
"1B-RGIB21-BK",1
"1B-TOD70",1
"3SWLDMX5-N",1
"4JP4LA0002",0
"4KBHV001-WHG",1
"AC340-OPN",0
"AC340CE-OPN",1
"AC390MHE-OPN","unknown"
"AE100-DBF",1
"AE140-WKH",1
"AE170-TBK",1
"AE275BT-LGS",1
"AE295-LGS",1
"AE340FMH-MHS",1
"AEG50-BAM",1
"AEG50-DHH",1
"AEG50L-BKH",1
"AEG74-MHS",1
"AEG74N-MHS",1
"AEGB24E-MHS",1
"AEWC400-AMS",1
"AG75G-BS",0
"AG95K-NT",1
"AMH90-IV",1
"ANB306",1
"AS53-TF",1
"AS73-TBC",1
"AS73G-BKF",0
"AS93BC-BK",1
"AS93SP-BK",1
"AW54-OPN",0
"AW5412CE-OPN",1
"AW54CE-OPN",1
"AW65-LG",1
"AW65ECE-LG",1
"AW70ECE-NT",1
"AZ26P1-BK",1
"EP5-BP",0
"FS40CL",1
"GA35TCE-SRR",1
"GA5FMTCE-OB",1
"GA5MHTCE-WK",1
"GL10",1
"IAB540-BK",1
"IAB541-BE",1
"IAB541-BK",1
"IAB541-BR",1
"IAB541D-BL",1
"IABB540-BK",1
"IACS12C",1
"IACS61C",1
"IACS62C",1
"IACSP61C",1
"IACSP62C",1
"IBB541TW",1
"IBB724-BK",1
"IC420FM-CRS",1
"IC420FM-VLS",1
"ICB540-BK",1
"ICB541-BR",1
"ICB541D-BL",1
"ICB720FM-CBS",1
"IGB541TW",1
"IGB571-WH",1
"ISHB724-BK",1
"KIKO100-TRR",1
"MDM1000-PW",0
"MDM1005-PW",0
"MDM1006-PW",0
"MDM1605-DTW",0
"PC12MH-OPN",1
"PC12MHCE-OPN",1
"PF12MHCE-OPN",1
"PF15-NT",1
"PF1512-NT",1
"PF1512ECE-NT",1
"PF15ECE-TBS",1
"PF16MWCE-OPN",1
"PF16WCE-NT",1
"Q54-BKF",1
"QX52-BKF",1
"TCM50-GBO",1
"TCM50FM-ODB",1
"TOD70",1
"UICT10-CA",1
"UICT10-MM",1
"UKS100-OPN",1
"V40LCE-OPN",0
"V44CE-WK",0
"VC44CE-WK",0
"1B-APEX30-MGM",1
"1B-AZ2203NATQ",1
"1B-AZ2204NWGR",1
"1B-BTB605MLMP",1
"1B-BTB625EXBK",1
"1B-ICTB721BKF",1
"1B-LB1-VL",1
"1B-RGRB620BKF",1
"1B-RGRTB621BK",1
"1B-S1070PBZCK",1
"1B-XPTB620BKF",1
"1B-XPTB720BKF",1
"2CL2-B",1
"2MG0022R-GDP",0
"3PUQMT2-FWN",1
"3PUQSN0-FW",0
"3PUS58B1-AGA",1
"540PIII-DY",1
"5ABP13E",1
"5S953M401RPIV",1
"8HDBN006",1
"AF55L-TF",0
"AF95-DA",0
"AFB200-TKS",1
"AR625FMSP-CML",0
"AS73-TTF",1
"AS73G-MSF",1
"ATZ300-BK",1
"AZ2203N-ATQ",1
"AZ2204-PW",1
"AZ2204B-BK",0
"AZ2204NW-GRM",1
"AZ2204NW-MGR",1
"AZ2204NW-PPK",1
"AZ2204NW-VR",0
"AZ2402-GRM",0
"AZ24047-BK",0
"AZ2407F-BSR",0
"AZS2200-MGR",1
"AZS2200F-STB",1
"AZS2209-ATQ",1
"BTB625EX-BKF",0
"BTB945-COL",1
"BTB946-COL",1
"EHB600-WNF",1
"EHB605-WNF",1
"EWP17M1E-SFO",1
"EWP17M2E-SMO",1
"FLATV1-BK",1
"FRH10N-BSF",1
"FRH10N-IBF",1
"GRG121DX-MGS",1
"GRG121DXL-WNF",0
"GRG121SP-BMC",0
"GRG170DXL-BKN",1
"GRG320FA-TBS",0
"GRG320FA-TEB",1
"GRG320FA-TKS",1
"GRG320FA-TRB",1
"GRG320FA-TVT","unknown"
"GRG7221QA-TKS",1
"GRGA120QA-TKS",1
"GRGM21M-BLT",0
"GRGM21M-MPL",0
"GRGR221FA-TDK",1
"GRX120SP-DDM",0
"GRX120SP-MLM",1
"GRX120SP-NGM",0
"GRX40-MGN",1
"GRX40-MLB",1
"GRX70QA-TBB",1
"GRX70QA-TKS",1
"GRX70QA-TRB",0
"GRX70QA-TVT",0
"GS100TOD",1
"GSR180-BEM",1
"GSR200BL-WNF",0
"GSR200PC-TMU",1
"GSR200SM-CNB",0
"GSR200SM-NGT",1
"GSR205PC-TMU",0
"GSR205SM-NGT",1
"GSR280QA-TMS",1
"GVB1006-AM",0
"ICHI00-VWH",1
"ICTB721-BKF",1
"IEGS6",1
"IEGS61",1
"IEGS61MK",1
"IEGS6HG",1
"IEGS7",1
"IEGS71",1
"IEGS8",1
"IGB724-BK",1
"JBBM40-PW",1
"JCSR2025-SSC",1
"JEM7VP-WH",1
"JEMJRL-WH",1
"JIVAX2-GH",1
"JS140M-SDL",1
"JS1GD",1
"JS2480-WH",1
"KRYS10",1
"LB1-BK",0
"LB1-VL",1
"LB1-WH",0
"M300C",1
"M510-DVS",1
"M510-OVS",1
"M522S-BS",1
"M522S-DVS",1
"M700S-AVS",1
"MTZ11-AMA",1
"P1000MH",1
"PGMM31-WH",0
"PIEGS6",1
"PJTC1",1
"PPA14HSG-BK",1
"PPA14HSG-DB",1
"PPA14HSG-WH",1
"PPA14HSG-YE",1
"PPA14MSG-BK",1
"PPA14MSG-DB",1
"PPA14MSG-WH",1
"PPA14MSG-YE",1
"PPA16HRG-BK",1
"PPA16HRG-WH",1
"PPA16HSG-BK",1
"PPA16HSG-DB",1
"PPA16HSG-RD",0
"PPA16HSG-WH",1
"PPA16HSG-YE",1
"PPA16MRG-BK",1
"PPA16MRG-WH",1
"PPA16MSG-BK",1
"PPA16MSG-DB",1
"PPA16MSG-RD",1
"PPA16MSG-WH",1
"PPA16MSG-YE",1
"PPA16XRG-BK",1
"PPA16XRG-WH",1
"PPA16XSG-BK",1
"PPA16XSG-DB",1
"PPA16XSG-WH",1
"PPA16XSG-YE",1
"RG470DX-SFM",1
"RG470DXW-WZM",0
"RG5120M-PRT",0
"RG5121RET-PRT",0
"RG5320C-PW","unknown"
"RG5320R-CSW",0
"RG550-DY",0
"RG631ALF-BCM",1
"RG653DX-WHF",1
"RG8527-BRE",0
"RG8527-BSR","unknown"
"RG8570-BRE",0
"RG8620AH-BQZ",0
"RGA42EX-BAM",1
"RGA42FM-DEF",1
"RGA742EX-BAM",1
"RGD61-BAM",1
"RGD7521PB-DSF",1
"RGDR4327R-NTF",0
"RGDRB71-BKF",0
"RGIXL7-BKF",1
"RGR5130-GRM","unknown"
"RGR5130-KM",1
"RGR5130R-GRM",0
"RGR5130R-KM",0
"RGR662AHBF-WK",0
"RGR752AHBF-WK","unknown"
"RGR762AHBF-WK",0
"RGRB620-BKF",1
"RGRB720-BKF",1
"RGRTB621-BKF",0
"S6670SK-STB",0
"S770-CZM",1
"SR300EDX-BZM",1
"SR300EDX-CZM",1
"SR300EDX-WZM",1
"SR305EDX-BZM",0
"SR305EDX-CZM",1
"SR305EDX-WZM",1
"SR400EPBDXMGU",1
"SR400EQM-SCB",1
"SR405EPBDXMGU",1
"SR405EQM-SCB",1
"SR500N-MAM",0
"SR505N-MAM",0
"SR5500-MHF",0
"SR5505-MHF",0
"SR5506-MHF",0
"SR600E-AST",0
"SR600E-CTF",1
"SR606E-CTF",1
"TQMS1-CTB",1
"UV70P-BK",1
"XPTB620-BKF",0
"XPTB720-BKF",0
"1B-FRM300-PR",1
"4KB3XA0005",1
"4KBHV001-BKW",1
"5ABPST01-BBK",1
"5N4364401RPIV",1
"A527-IPT",0
"A527-NSH",0
"A528-CMG",0
"A528-IPT",0
"AAD1012E-OPN",1
"AAD170CE-LGS",1
"AAD400CE-LGS",1
"AAD50CE-LG",1
"AAD51CE-NT",0
"AAM100E-BK",1
"AAM100E-NT",1
"AAM300CE-NT",1
"AAM380CE-NT",1
"AAM50-OPN",1
"AAM50CE-OPN",1
"AAM54-OPN",1
"AAM70CE-TBN",1
"AE3007FMH-TBH",1
"AE410-LGS",1
"AEG50-IBH",1
"AEG70L-TIH",1
"AEGB24FE-MHS",1
"AEWC11-DVS",1
"AEWC11-TCB",1
"AF95FM-AYS",1
"ALT50FA-BDB",0
"ALT50FA-RDB",0
"AMH100FM-DVS",1
"AS113-BS",1
"AS113B-TBC",1
"AS53-TKF",1
"AS53L-TF",1
"AS73-TCD",1
"AS7312-TCD",1
"AS93FM-VLS",0
"AS93FML-VLS",1
"AUP10N-OPN",1
"AW247CE-WKH",1
"AW417CE-OPS",1
"AW54L-OPN",1
"AW54LCE-OPN",1
"EWP12EWB-OPN",1
"FRM300-PR",1
"FRM350-BK",1
"GA35TCE-DVS",1
"GB10-BK",1
"GB10EM-AA",1
"GL20",1
"IAB541-MGN",1
"IAB541-NB",1
"IAB541-WR",1
"IBB540-BK",1
"IBB541-BE",1
"IBB541-BK",1
"IBB541-BR",0
"IBB571-YE",1
"IBB724-CGY",0
"IC420-AAB",1
"IC420-ABM",1
"IC420FM-TBG",1
"ICB541-WR",1
"IGB540-BK",1
"IGB541-BE",1
"IGB541-BK",1
"IGB541-BR",1
"IGB541D-BK",0
"IGB541D-BL",1
"IGB561-MGN",1
"IGB561-NB",1
"IGB571-YE",1
"IHB541-BK",1
"IHB541-BR",1
"JGM11",1
"JSA20-VB",1
"MDM1600-CTL",0
"PGM50-BK",1
"PM3C-NAL",1
"PNB14E-OPN",1
"PWRS6",1
"Q52PB-ABS",0
"Q54W-CMM",1
"QX52-MGM",1
"QX527PB-ABS",1
"RGMS7PB-CBS",1
"TCY10LE-BK",1
"TCY10PA-CBS",1
"TOD10",1
"UICT10-BK",1
"UICT10-MGS",1
"UICT100-MGS",1
"XPT420DX-RGC",0
"1B-BTB25TH6SL",1
"1B-FRH20QMNWR",1
"1B-QX527PBABS",1
"1B-SRD905-CTL",1
"2MG0008PL-CK",1
"2MM0021R-GDP",1
"2MM0049SL-CH",0
"2MM0049SR-CH",0
"3EMM4-SL",0
"3PU1PC0006",1
"3PU1PC0007",0
"3SWPPTA",1
"4N4263401RPBK",1
"4N4532501RPBK",1
"8PCBN041",1
"AAM54CE-OPN",1
"AG95MG-DA",0
"AM93QA-JBB",1
"AS7328-TBC",0
"ASH300-TBC",0
"AUC10E-OPN",1
"AZ2203N-SFG",1
"AZ2204AG-TFB",0
"AZ2204AG-TGB",0
"AZ2204N-AWD",1
"AZ2204N-PBM",1
"AZ2204NW-DTB",1
"AZ2204NW-SFB",1
"AZ2204NWL-MGR",1
"AZ2402-AGM",1
"AZ2402-BKF",0
"AZ2402-PBM","unknown"
"AZ2402-ROM",0
"AZS2200Q-RBS",1
"DCT08-BWH",1
"DCT16-BWH",1
"DCT24-BWH",1
"EHB600-PRM",1
"EHB605-PRM",1
"FLATV2-MSN",1
"FRH10N-RGF",1
"FRH10NL-BSF",1
"FRH20QMN-WRL",1
"FRH20SMN-TCL",0
"GRG121PAR-KBF",0
"GRG220PA1-BKB",1
"GRGM21-WH",1
"GRGM21L-BKN",1
"GRX70QAL-TBB",0
"GSR180-LBF",0
"GSR200PC-TPB",1
"GWB35-BKF",1
"IEBS4C",1
"IEBS4XC",1
"IEBS5C",1
"IEBS6C",1
"IEGS61BT",1
"IEGS9",1
"IFAS6SL",1
"IGB724-CGY",0
"JBM10FX-PWM",1
"JIVA10-DSB",1
"JIVAJR-DSE",1
"JS3CR",1
"KIKOSP3-TEB",1
"LM1-LWH",1
"MTZ11-JB",1
"MTZ11-MPK",1
"NBUKS4",1
"P20",1
"PF16MWCE-WK",1
"PGMM11-JB",0
"PS10-BK",1
"PWM100",1
"RG2027RXL-DTB",0
"RG2027XL-DTB","unknown"
"RG5120M-FCN",1
"RG5120ML-FCN",0
"RG5320-CSW","unknown"
"RG5320C-DFM","unknown"
"RG550L-DY",0
"RG652AHM-AWD",0
"RG652AHMFXRPB",1
"RG8570-RBS",0
"RGA42FML-BLF",1
"RGD3121-PRF","unknown"
"RGD721FA-WUF",0
"RGDR4327-NTF",0
"RGMS8PB-CBS",0
"RGR5121RB-GRF",0
"RGR5221R-TFR",0
"RGR652AHBF-WK",0
"RGRTBB21-BKF",0
"S6621AH-TGB",0
"S6670SK-DUB",0
"SDB3-PW",0
"SR1455DW-TGF",1
"SR4500-DST",1
"SR4505-DST",1
"SR500A-MHL",0
"SR505A-MHL",0
"SR506A-MHL",1
"SRD900-CTL",1
"SRD905-CTL",1
"YY20-OCS",1
"1B-AAM370M1CE",1
"1B-AM93QM-JBB",1
"1B-AZ427P2QMT",1
"1B-AZ42P1-PBE",1
"1B-JS240PS-CA",1
"1B-Q547-BMM",1
"1B-Q547PB-COL",1
"1B-QX54QM-BSM",1
"1B-S1070PBZCL",1
"1B-SRMS725BCM",1
"1B-TOD10-MM",1
"2BGGBP6WL-CHB",0
"2MM0032SR-CH",0
"3PUISN0-WHN",0
"4449AC6X",1
"4449EB6X",1
"5N4364601RPIV",1
"AAD170LCE-LGS",1
"AAD54E-OMH",0
"AAD77M1E-OAW",0
"AAM140E-MHS",1
"AAM340CE-RUB",1
"AAM370E-OAW",1
"AAM370M1CETPA",1
"AAM780E-NT",1
"AE440-LGS",1
"AG95QA-DBS",0
"AM93QM-JBB",1
"AS93FM-TMG",1
"AS93QMSP-DBS",1
"ATZ10P-STM",1
"AUC14-OVL",1
"AZ24P1QM-DOB",1
"AZ427P1PB-CKB",1
"AZ427P2QM-TUB",1
"AZ42P1-PBE",1
"AZ47P1QM-DEB",1
"AZ47P2K-DEB",1
"DCT08-BNR",1
"DCT16-BNR",1
"EWP16EWB-GAO",1
"GA1-OAM",1
"GA2-OAM",1
"GB10-NT",0
"GB10EM-JBB",1
"GB10SEFM-SRR",1
"IAB724-BK",1
"IBB541-MGN",1
"IBB541-NB",1
"IC420MFM-CML",0
"ICHI10-VWM",1
"IGB2540-BK",1
"IGB541-DB",1
"IGB541-MGN",0
"IGB541-NB",0
"IGB541-WR",1
"IGB571-LT",1
"IUBC541-BE",1
"IUBS541-GY",1
"IUBT541-BK",1
"JEM77P-BFP",1
"JS240PS-CA",0
"JSA5-VB",1
"JSM10EM-TTB",1
"LGB30-NT",0
"M80M-WK",1
"MDM1000-MAM",0
"MDM1005-MAM",0
"MDM1300-NAB",0
"MDM1305-NAB",0
"MDM1600-NML",0
"MDM1605-NML",0
"MDM1606-NML",0
"MTZ11-CFP",1
"PM200-NT",0
"PS120-BK",1
"PS60-BK",1
"PSM10-BK",0
"Q52PB-COL",1
"Q547PB-COL",0
"QX54QM-BSM",1
"RGT1220PB-ABS",0
"RGT1221PB-DTF",1
"RGT1270PB-DTF",1
"S1070PBZ-CKB",0
"S1070PBZ-CLB",1
"SR1320SB-IVF",1
"SR1325SB-IVF",1
"SR1600D-ASK",1
"SR2600-CBB",1
"SR2605-CBB",1
"SR5FMDX2-NTL",1
"SRF700-BBF",1
"SRMS625EX-BKF",0
"SRMS720-BCM",1
"SRMS725-BCM",1
"SRMS800-DTW",1
"SRMS805-DTW",1
"SRMS806-DTW",1
"TCY10PA-BKB",1
"TOD10-MM",1
"1B-AWFS580CEO",1
"1B-AZ2203NTDB",1
"1B-BTB1836NDL",1
"1B-BTB806MSTG",1
"1B-EHB1006MSM",1
"1B-JIVA10LDSB",1
"1B-RG9PB-TGF",1
"1B-SML721-RGC",1
"2MG0002TL-CH",1
"2MG0002TL-GD",1
"2MG0051R-CK",0
"3SWN3F001-BK",1
"3VR12A0010",1
"4PGG024R-WH",1
"AAM700CE-NT",1
"AAM740E-LG",1
"AF115-AWB",1
"AM153FM-ATT",0
"AM153QA-DBS",1
"AM93ME-NT",1
"AM93QA-VVH",0
"AZ2203NT-DBF",1
"AZ2204-ICM",1
"AZ2204N-VGF",1
"AZ2402-PWF",0
"AZ2402-TFF",0
"AZ24027-TFF",1
"BTB865MS-TWF",1
"DCT24-BNR",1
"EHB1000-AOM",1
"EHB1005F-AOM",0
"FRH20FMN-DGL",1
"FRH20QMN-CTL",1
"GRGM21-BKN",1
"JBM9999-AMM",1
"JIVA10L-DSB",1
"JS2450-MCP",1
"JS2480-MCR",1
"KIKO300-RRT",0
"MM1-TAB",0
"MMN1-TAB",1
"PGMM21-MGN",1
"PIA3761C-BLP",1
"PJTC1R-MX1",1
"RG5121-BCF","unknown"
"RG5121R-DBF",0
"RG5320RC-DFM",0
"RG5328R-LDK",0
"RG652AHM-NGB",0
"RG652AHMFXNGB",1
"RG653DX-TDF",0
"RG9PB-TGF",1
"RGA622XH-BK","unknown"
"RGA622XH-WH",1
"RGD61ALET-MGM",1
"RGR5221-TFR","unknown"
"SML721-RGC",1
"SR500AL-MHL",0
"SR505AL-MHL",1
"SR6605-GFB",0
"SRF705-BBF",1
"SRF706-BBF",0
"TOD10N-TKF",0
"TQM2-CUF",0
"1B-EHB1005MSS",1
"1B-PA230E-NSL",1
"1B-SR1426BCGL",1
"4449CG6X",1
"4449EG61X",1
"4449EG6X",1
"5AMH18J-L",1
"AAD51CE-DVS",0
"AAM50CE-CRO",1
"AAM50CE-SBO",1
"AUP10FMNE-TBO",1
"AUP10N-OLB",1
"BTB1835-NDL",1
"BTB1836-NDL",1
"BTB605MS-SOM",1
"BTB806MS-TGF",0
"EHB1675MS-NTF",1
"GA5TCE3Q-AM",1
"GB10-BS",0
"GB10SE-BS",1
"IAB724-CGY",1
"IGAB2540-BK",1
"IUBC541-NB",1
"IUBC541-WR",1
"IUBS541-NB",1
"IUBS541-WR",1
"IUBT541-WR",1
"JSM100-VT",0
"KIKO10BP-TGB",1
"PM3C-BKL",1
"PS60-SSL",1
"Q52FMG-DRL",0
"RGT1220PBKCOL",1
"RGT1270PB-CTF",1
"SR1320SB-AVL",1
"SR1325SB-AVL",1
"SR1350B-DUF",1
"SR1355B-DUF",0
"SR1356B-DUF",1
"SR1420B-CGL",0
"SR1426B-CGL",1
"SR2605L-CBB",1
"SRMS805L-DTW",1
"V44MINI-OPN",0
"V44MINIE-OPN",1
"V50NLJP-NT",1
"1000TH-WBK",1
"1000TH-WPK",1
"1B-MM7-TAB",1
"1B-SML721-MAM",1
"1B-UICT10-BK",1
"1B-YY10-SGS",1
"2MG0002SL-GD",1
"2TRX5AD034",0
"2YSBTSTD16-GD",1
"2YSBTSTD16CHW",0
"2YSBTSTD16GDW",0
"3PUQMS2-FWN",1
"4NT3NA0005",1
"AZ2402L-TFF",0
"BTB605MLM-PWM",1
"BTB705LM-CTL",1
"BTB866MS-BRF",1
"FTM33-WK",0
"GWB1005-NTF",1
"IEGS62",1
"MM7-TAB",1
"PS1CM",0
"PS3CM",1
"RG5121-DBF","unknown"
"RG5121ET-PRT","unknown"
"RG5121L-DBF","unknown"
"RG5121RL-DBF",0
"RG8870-BRE",0
"RG8870-BSR",1
"SML721-MAM",1
"SRAS7-CBS",1
"TCB1006-ALM",0
"TOD10NL-TKF",1
"YY10-SGS",1
"1B-RGA20P1PBC",1
"1B-RGA217P1PB",1
"AAD440CE-LGS",1
"AAD51LCE-DVS",1
"ACFS580CE-OPS",1
"AEGB25E-TKH",1
"BTB605LM-BKF",1
"BTB805MS-FNL",0
"EH10-TGM",1
"EHB1500-CTF","unknown"
"EHB1506MS-ABL",1
"FS40DA",1
"GWB205-TQF",0
"IGBX724-BK",1
"JSM10-VYS",1
"JSM20-BKL",1
"LGB30-VYS",1
"LGB300-VYS",0
"NS10",1
"NS10L",1
"NS20",1
"NS20L",1
"RGA20P1PB-CUL",0
"RGA217P1PBDRL",1
"RGA21P1PB-DRL",1
"RGT1221PB-SWL",1
"UB804-MOB",0
"V30NJP-OPN",1
"V50NJP-OPN",1
"V54NJP-OPN",1
"VC50NJP-OPN",1
"2YSBTSTD16-CH",0
"4N4364604RPBK",1
"5ANT99N",0
"5N4364603R-B",0
"5N4564201RPIV",1
"ANB205-TWB",1
"BTB705LM-NNF",1
"BTB7MS-NML",1
"BTB805MS-TGF",0
"EHB1005MS-SFM",1
"PIA3761-SLW",1
"PIA3761-XB",1
"RGDMS8-CSM",0
"SRD900F-BTL",1
"SRD905F-BTL",1
"AAM370M2E-AIB",1
"AAM370M2E-APF",1
"AEWC16QA-TEH",0
"AEWC16QA-TKH",1
"AEWC16QA-TLH",1
"AW391RCE-BKH",0
"EHB1505MS-PLF",0
"EHB1505SMSFNL",1
"EHB1506MS-BIF",1
"EHB5MSBSP-MAM",0
"MGFM10-OBL",1
"UB805-MOB",0
"V50LNJP-OPN",1
"V50NJP-OVS",1
"V54NJP-WK",1
"1B-BTB605MSMA",1
"4N4764503RPBK",0
"BTB605MS-MAM",1
"EHB1505MS-BIF",0
"P1000TH-C1",1
"RGD71ALMS-BAM",1
"1B-ACFS300CEO",1
"1B-EHB1505SDE",1
"2ED2-8",1
"AC391RCE-BKH",0
"AE170-NTR",1
"AE390-NTA",1
"EHB1005MSLSFM",1
"EHB1265MS-NML","unknown"
"EHB1505S-DEL",1
"SI10",1
"SI10L",1
"SI20",1
"SI20L",1
"1B-SRH505FNNF",1
"IUBT2542-NB",1
"PJ50E-OAH",1
"SRC6MS-BLL",1
"SRH500F-NNF",0
"SRH505F-NNF",1
"AAD70CE-TBN",0
"EHB1135MS-SKL",0
"UB804-BUL",1
"4CPT0003R-BK",0
"1B-JGM5-BSN",1
"JGM10-BSN",1
"JGM5-BSN",0
"PA0105",1
"SI10-CCT",1
"SI10-CGR",1
"SI20-CCT",1
"SI20-CGR",1
"MR600AC",1
"SI05P",1
"SI05P-CCT",1
"SI07P-CCT",1
"SI10-BG",1
"SI10-BW",1
"SI20-BG",1
"SI20-BW",1
"AAM50LCE-OLB",1
"SI04PR",1
"SI07P-CGR",1
"SI07P",1
"SI05P-BW",1
"SI05P3",1
"SI07P-BG",1
"SI07P-BW",1
"SI05P-CGR",1
"SI05P-BG",1
"4PT00A0017",1
"4PT1CRG4W",1
"2NT1JP5043",1
"2TR1MBB001",1
"2TZ1T100RC",1
"3EMB410-SL",1
"3PU1J2SB1B",1
"3PU1M4111",1
"3PUBH25A4-FB",1
"3PUBH26A4-FB",0
"3PUCEB1-CDG",1
"3PUCEN1-CHN",1
"3SWLDMX9-N",1
"3VR4LA0004",1
"3VRSW0002-KL",1
"4N3863401RPBK",1
"4N4232602RPWH",0
"4N4333601RPBK",1
"4N4353603L-B",1
"4N4764501RPBK",1
"4N4864501RPBK",1
"4N5469601RPBK",1
"4N6369701RPBK",0
"4NT3NC0006",1
"4NT3NC0009",1
"4NT4LA0002",1
"4PG1FMFNT",1
"4PGG008R-MR",1
"4PGX002R-BK",1
"4PGX003R-BK",1
"5N4364402R-B",1
"5N4464601R-B",1
"5N4564601RBUO",0
"5S723L401RBUO",1
"5S743H401R-B",0
"5S743H401RBUO",1
"5S743M201RPIV",1
"5S763M401R-B",1
"8KBC7001",1
"2LE2-15P",1
"2LE2-9",1
"2MH1MB2L4C",1
"2YNSB1540-BK",1
"3SWLGSC",1
"2LN3YAA007",1
"1B-5AEQ56F",1
"1B-5AEQ82F",1
"1B-5AEQ83F",1
"2BX6002R-GD",1
"2LE2-8",1
"2MG0001L-GDB",1
"2MG0001R-GDB",1
"2MG0007L-CH",1
"2MG0007R-CH",1
"2MH1MA0001-L",1
"2MH27A0004",1
"2MH27C0028-L",1
"2MH27C0028-R",1
"2MM0004L-NI",1
"2MM0004R-NI",1
"2NT1JG5045",1
"2SA2-8",1
"2SL2C-10",1
"2ST2-C-2",1
"2SUX5AA001",1
"2SUX5AA003",1
"2SUX5AA004",1
"2TL2-2PN",1
"2TL2-6T03P",1
"2TM1H1SB",1
"2TP1AF200",1
"2TP1PM100",1
"2TR1MBA014",1
"2TR1MBA015",1
"2TRT106R-CH",1
"2TRX5BA018",1
"2TZ2-2C",1
"3EMM247-SB",1
"3EMV5REV-S",1
"3EMV5T47-SBL",1
"3EMVP1-S",0
"3M0227200B",1
"3PU1FBVG1",1
"3PU1M4110",1
"3PU1M51B",1
"3PU1STVG1",1
"3PU3PA0013",1
"3PU3PA0014",1
"3PUIRB1-BKN",1
"3PUS58B4-GDG",1
"3PUS58N4-GDG",1
"3V504SAS01-KL",1
"3V504SBS01-KL",1
"3VR00A0004",1
"3VR00A0005",1
"3VR00A0011",1
"3VR12A0012",1
"3YIR7S2BKNB3B",1
"3YIRS2WHN-B3B",0
"4CPC0001L-BK",1
"4CPC0002R-BK4",1
"4CPJ0001R-WHP",1
"4CPT0005R-WHP",1
"4KB00A0001",1
"4KB00A0002",1
"4KB1C5K",1
"4KB27C0007",1
"4KB4LA0010",1
"4KBDLPN-BK",1
"4KBDLPN-CH",1
"4KBDLPN-CK",0
"4KBDLSW-CH",1
"4KBH0001-GR",1
"4KBH0002-GR",1
"4KBS001-BK",1
"4KBW0001M-DB",1
"4MR08A0001",1
"4N4356001R-BV",1
"4PG-SRX08LTD",1
"4PG12A0006",1
"4PG12A0044",1
"4PG12A0058",1
"4PG12A0081",1
"4PG1AF207",1
"4PG1ATK500",1
"4PG1ATK600",1
"4PG1BL825",1
"4PG1MA0039",1
"4PG1PA0007",1
"4PG1PC0008",1
"4PG1PC0009",1
"4PG1TR500",1
"4PGG011R-BKF",1
"4PT1CRG2W",1
"4PT1GWBNT",1
"4SC1J2B",1
"4SCPL011-PK",1
"5ABP003-W",1
"5ABP21E",1
"5ABP22E",1
"5ABR04N",1
"5AEQ56F",1
"5AJK08F+PLUG",1
"5AMH10N-L",1
"5AMH110E",1
"5AMH14N-L",1
"5AMH14N-R",1
"5AMH15B-L",1
"5AMH15B-R",1
"5AMH15D-L",1
"5AMH15D-R",1
"5AMH16J",1
"5AMH28B-L",1
"5AMH30D-L",1
"5AMH30D-R",1
"5AMH36C-L",1
"5AMH38D-L",1
"5AMH38D-R",1
"5AMH56N",1
"5AMH61B",1
"5AMH63N-L",1
"5AMH65B",1
"5AMH65B-R",1
"5AMH91E-L",1
"5AMH91E-R",1
"5ANT06B",1
"5APG27N",1
"5APG40G",1
"5APG53U",1
"5APG71N",1
"5APU40F",1
"5ASP01E",1
"5ASP05C",1
"5ASP08D",1
"5ATP01N",1
"5ATP02N",1
"5AWR02B",1
"5ECAHA1",1
"5EM210TF",1
"5N4364602RBUO",1
"5PTB37210",1
"8JKB5006",1
"8PTBN005U",1
"8SDBN011",1
"8SPBN020",1
"8SWC3001",1
"8VRBN004",1
"MB1002-L",1
"MB1007-L",1
"MB1007-R",1
"MB1017-R",1
"MB560C",1
"MB560CK",1
"MB561CK",1
"MB561G",1
"MB570C",1
"2TL1JSV42K",1
"2TL2-2C",1
"1B-5AMH50EE",1
"1NKEB45",1
"2MG0006L-CHB",1
"2MG0006R-CHB",1
"2MH1G1122N",1
"2MH1G1123N",1
"2MH1MC0005",1
"2MH1MC0005-L",1
"2MH1MC0013",1
"2MH1WB233S-L",1
"2MH1WRD4C-L",1
"2MH27A0005-L",1
"2MH27A0015",1
"2SG1CG3C",1
"2TS2-2G3",1
"2YSBT0003-BK",1
"4EP1C2B",1
"4EP1C2G",1
"4KB1MC0006",1
"4KB1Y1B",1
"4KB27C0004",1
"4MR1J212B",1
"4NT12A0004",1
"4PT1JBB1",1
"4PT27A0021",1
"4PTX5A0008",1
"4SC1C1W",1
"4SC1H1V",1
"4TH1MA0005",1
"4TH2JA0007",1
"5AJK04C",1
"5AMH04B",1
"5AMH86E",1
"5EBCR2",1
"8JKC3002",1
"MBG5100G",1
"2TU12A0002",1
"4KB1C3B",1
"3PU1C4173",1
"5AJK16F",1
"+PREPLATE",1
"1B-1NK-SR800",1
"1B-1NK1PA0651",1
"1B-1NK1PC0480",1
"1B-1NKPGSA60",1
"1B-5AEQ09F",1
"1B-5AEQ78F",1
"1B-5AEQ81F",1
"1NK-GRGM08LTD",1
"1NK-SR1000E",1
"1NK-SR300DX",1
"1NK-SR600",1
"1NK-SR800",1
"1NK00A0339",1
"1NK00A0352",0
"1NK00A0370NTF",0
"1NK00A0371",1
"1NK1PA0128",1
"1NK1PA0132",1
"1NK1PA0302",0
"1NK1PA0341",1
"1NK1PA0500",0
"1NK1PA0558",0
"1NK1PA0599",0
"1NK1PA0697",1
"1NK1PC0193",1
"1NK1PC0255-BK",1
"1NK1PC0480",0
"1NK1PC0481",0
"1NK1PC0490",1
"1NK1PC0497",1
"1NK1PC0519",0
"1NK27A0006",1
"1NK27A0009",1
"1NK27C0019",1
"1NK27C0036",1
"1NK27C0054",1
"1NK2YA0050",1
"1NK2YA0057",0
"1NK2YA0058",0
"1NK2YA0076",0
"1NK5YA0003",1
"1NKAX1220",1
"1NKBT42CNF",1
"1NKBTB1000",1
"1NKCEDR27",1
"1NKEB43",1
"1NKEB54",1
"1NKEDB405",1
"1NKGSA60",1
"1NKICX120",1
"1NKPEDR17",1
"1NKPGSR4L",1
"1NKWIC42",1
"2BGF106-BK",1
"2BGF106-CH",1
"2ED1R31B",1
"2ED1R31C",1
"2ED1R31G",1
"2FA1C10C",1
"2GB1FT3P",1
"2GB1H1STC",1
"2GB2JAA031",0
"2LE2-1-1S",1
"2LE2-16P",1
"2LN2-7C",1
"2LT2-11",1
"2MG0006L-CH",1
"2MG0006R-CH",1
"2MG0008L-GD",1
"2MG0010L-CHP",1
"2MG0010R-CHP",1
"2MG0010R-GDP",1
"2MG0022L-GDP",0
"2MG0067SL-NI",1
"2MG0073TL-CH",1
"2MG0075TL-CH",1
"2MH1S38R6K-E",1
"2MH3MA0004-L",1
"2SBS009-BK",1
"2SBS009-CH",1
"2SDGM0001",1
"2SDGM0002-CH",1
"2SGD007-CH",1
"2TL2-3S",1
"2TL2-7B",1
"2TP0005-CH",1
"2TP08AA001",1
"2TP12A0012",1
"2TP12A0020",1
"2TP12C0002",1
"2TR2JAA001",1
"2TR2YBC002",1
"2TR6002R-CH",1
"2TR6002R12-CH",0
"2TR6003R-CH",1
"2TRT102R-BK",1
"2TRT102R-CH",1
"2TRX1BA008",1
"2TU27A0001",1
"32S04314",1
"32S04315",1
"32S04316",1
"32S04317",1
"32S04318",1
"32S04416",1
"32S04419",1
"32S04925",1
"32S04988",1
"32S05059",1
"32S05099",1
"32S05153",1
"3EMB410-S",1
"3EMMV84-C",1
"3EMV52P-S",1
"3EMV5T47-SB",1
"3EQ2SA0003",1
"3EQB2PZ7HD",1
"3PC03U",1
"3PU1C1SB1B",1
"3PU1C4251",1
"3PU1C4371",1
"3PU1D4512",1
"3PU1J158G1",1
"3PU1J2S2B4",1
"3PU1M4116",1
"3PU1M4117",1
"3PU1M4130",1
"3PU1PA0020",1
"3PU1PA0102",1
"3PU1PC0052",1
"3PU1Y1003",1
"3PUCEB1-CHN",1
"3PUCSB0-WH",0
"3PUCSC0-BK",1
"3PUIRT2-BKN",1
"3SW00A0001",1
"3VR00A0006",1
"3VR1C500BS",1
"3VR1C500D",1
"3VR1P500B",1
"3VR1P500BN",1
"3VR1P500DN",1
"3VR27A0006",1
"3VR27A0007",1
"3YCEB2CHN-B8C",1
"4EP1C2C",1
"4EP1JH2B",1
"4KB12A0007",1
"4NT3NC0004",1
"4PG00A0042",1
"4PG12A0048",1
"4PG1AF200",1
"4PG1JEMCL3",1
"4PG1MA0022",1
"4PG1MA0036",1
"4PG4GA0001",1
"4PGBSRMD-BWB",1
"4PGBSRMD-WP3",1
"4PGPS40-MR",1
"4PGPSM10-MR",1
"4PGX005L-RTS",1
"4PT00A0018",1
"4PT1CGNJC",1
"4PT1CRG4B",1
"4PT1GRX3LB",1
"4PT1JSPB",1
"4PT1PA0015",1
"4PT1PA0021",1
"4PT4NA0001",1
"4PTX5C0003",1
"4TH00A0002",1
"4TH12A0004",1
"4TH12A0012",1
"4TH3PA0001",1
"4TRC0001-MR",1
"4TRCPS40-MR",1
"5ABB21AB",1
"5ABH01N",1
"5ABP17B",1
"5AEQ35L",1
"5AEQ53F",1
"5AEQ78F",1
"5AHK03N",1
"5AHP02N",1
"5AJK02",1
"5AKB06N",1
"5AMH24J",1
"5AMH54G",1
"5AMH68R-L",1
"5AMH68R-R",1
"5AMH90E-R",1
"5ANT10F",1
"5ANT13C",1
"5ANT36N",1
"5ANT46T",1
"5APG58E",1
"5ASD41B",1
"5ASD49E",1
"5ASD50T",1
"5ASD51E",1
"5ASD67E",1
"5ASP16N",1
"5EHSP2T-CF",1
"5EJB5Q",1
"5EMSP2-C",1
"5EMSW10",1
"5EMSW20",1
"5EMSW60",1
"5PTB37210-BA",1
"8JKC7001",1
"8KBC3005",1
"8OPB5006",1
"8OPB5007",1
"8OPB5010",1
"8OPB5012",1
"8PCC3022",1
"8SPB5005",1
"8SPBN005",0
"8SPBN022",1
"8SWC7005",1
"8TUBN003",1
"8VRBN036",1
"8VRC3002",1
"MB500C-E",1
"MB5100G-L",1
"UTA20",1
"3PU1C4172",1
"4NT1WG5042",1
"+AC240FRET",1
"1NK-SR590",1
"1NK1MC0008",1
"1NK1MC0010","unknown"
"1NK1MC0012",1
"1NK1PA0536",0
"1NK1PC0033",1
"1NK1PC0053",1
"1NK1PC0066",1
"1NK27A0017",1
"1NK27C0018",1
"1NK27C0022",1
"1NKPBT4DGF",1
"1NKPBT4IPF",1
"1NKPBT51HS",1
"1NKPBT51TK",1
"1NKPBT5IPF",1
"1NKPBT5TYF",1
"1NKPGSR4",1
"1NKPRD4RR",1
"1NKPSA1",1
"1NKPX41",1
"1NKPX43GP",1
"1NKSRX300",1
"1NKWRD4SB",1
"1NKWRD52",1
"1NKWRD54",1
"1NKWRD55",1
"2CD1R101B",1
"2CD2-C6",1
"2ED2-3-PC",1
"2LE2-4BS",1
"2LN3YAA001",1
"2LN3YBA002",1
"2LN3YBA011",1
"2LT2-6",1
"2MG0075S1L-CH",1
"2MH08A0003-E1",1
"2MH1ATK5C",1
"2MH1S38R6G",1
"2MH27A0005",1
"2MH2YA0001",1
"2MH3MA0001",1
"2MH3MA0001-E",1
"2ST2-1C",1
"2TP1GB10",1
"2TR1MBA009",1
"2TRX5BA016",1
"3JK1J12",1
"3JK27C0002",1
"3PU1C4220",1
"3SW1MA0004",1
"3VR1P500D",1
"4CPCGRX-BKF",1
"4EP1C2K",1
"4EP1H1CK",1
"4EP1JH2C",1
"4EP1MA0001",1
"4KB1JF2B",1
"4KB27A0004",1
"4KB3HA0004",1
"4MR1C112B",1
"4MR1J152B",1
"4MR2BK",1
"4PT00A0014",1
"4PT1PA0001",1
"4PT1RG4BA",1
"4PT1RG5",1
"4PT1S5",1
"4PT1WSA4",1
"4PT4LA0014",1
"5AJK20F",1
"5APU19N",1
"5ASD29U",1
"2GB2JAA023",1
"2TR1MAA001-GD",1
"4PT27C0005",1
"4PT3XA0002",1
"3PU1PA0001",1
"4KB1C1B",1
"+ACZR",1
"1B-1NK1PA0522",1
"1B-1NK1PA0523",1
"1B-1NK1PA0612",1
"1B-1NK1PA0636",1
"1B-1NK1PA0671",1
"1B-1NK1PA0683",1
"1B-1NK1PC0302",1
"1B-1NK1PC0303",1
"1B-1NK1PC0510",1
"1B-1NKGAX70",1
"1B-1NKPSA2TLB",1
"1B-2GB1H1CSG",1
"1B-2TP1GB10",1
"1B-5AEQ09D",1
"1B-5AMH55N",1
"1B-5AMH74N",1
"1B-5AMH85N",1
"1NK-GRX70L-BK",1
"1NK-SR800-GR",1
"1NK00A0175",1
"1NK00A0229RPB",0
"1NK00A0240RPB",0
"1NK00A0250",1
"1NK00A0262",0
"1NK00A0273",1
"1NK00A0295-WK",1
"1NK00A0296-WK",0
"1NK00A0307-BK",1
"1NK00A0307-DY",0
"1NK00A0307-PN",0
"1NK00A0311",0
"1NK00A0312",0
"1NK00A0316-WK",0
"1NK00A0331BCF",0
"1NK00A0331DBF",0
"1NK00A0331PRT",0
"1NK00A0332LDK",0
"1NK00A0353NTF",0
"1NK00A0355TFR",0
"1NK00A0356SVF",1
"1NK00A0357-PW",0
"1NK00A0357DFM",0
"1NK00A0358CSW",0
"1NK00A0366-LB",1
"1NK00A0368",1
"1NK00A0369-BK",1
"1NK00A0372",0
"1NK00A0375",0
"1NK00A0382BRE",0
"1NK00A0386-BK",1
"1NK00A0386-WH",0
"1NK00A0390BLP",0
"1NK00A0399GRM",0
"1NK00A0401DBF",0
"1NK00A0407-BK",1
"1NK00A0407-VK",0
"1NK00A0429-WK",1
"1NK00C0032",0
"1NK1PA0041",1
"1NK1PA0174",1
"1NK1PA0184",0
"1NK1PA0341-WH",1
"1NK1PA0379",1
"1NK1PA0387",0
"1NK1PA0388",1
"1NK1PA0415",1
"1NK1PA0501",0
"1NK1PA0510",0
"1NK1PA0523",0
"1NK1PA0529",1
"1NK1PA0535",0
"1NK1PA0545",1
"1NK1PA0569",0
"1NK1PA0570",1
"1NK1PA0573",0
"1NK1PA0576",1
"1NK1PA0578",1
"1NK1PA0592",1
"1NK1PA0593",1
"1NK1PA0595",0
"1NK1PA0609",0
"1NK1PA0611",1
"1NK1PA0616",0
"1NK1PA0618",1
"1NK1PA0620",1
"1NK1PA0628",0
"1NK1PA0630",0
"1NK1PA0633",1
"1NK1PA0637",1
"1NK1PA0639",0
"1NK1PA0648",0
"1NK1PA0652",0
"1NK1PA0656",1
"1NK1PA0658",1
"1NK1PA0659",1
"1NK1PA0660",0
"1NK1PA0661",0
"1NK1PA0663",0
"1NK1PA0665",1
"1NK1PA0666",0
"1NK1PA0668",1
"1NK1PA0669",0
"1NK1PA0680",1
"1NK1PA0682",1
"1NK1PA0683",0
"1NK1PA0688",0
"1NK1PA0690",0
"1NK1PA0692",0
"1NK1PA0696",0
"1NK1PA0701",1
"1NK1PA0710",0
"1NK1PA0712",1
"1NK1PA0713",0
"1NK1PA0717",0
"1NK1PA0721",0
"1NK1PA0722",0
"1NK1PA0723",0
"1NK1PA0724",0
"1NK1PA0733",0
"1NK1PA0735",0
"1NK1PA0744",0
"1NK1PA0745",0
"1NK1PA0746",0
"1NK1PA0749",1
"1NK1PA0750",0
"1NK1PA0754",1
"1NK1PC0009",1
"1NK1PC0026",1
"1NK1PC0030",1
"1NK1PC0032",1
"1NK1PC0034",1
"1NK1PC0067",1
"1NK1PC0078",1
"1NK1PC0176",1
"1NK1PC0177",1
"1NK1PC0194-BK",1
"1NK1PC0213",1
"1NK1PC0230",1
"1NK1PC0279",1
"1NK1PC0280",1
"1NK1PC0317",1
"1NK1PC0324WNF",0
"1NK1PC0326AWB",1
"1NK1PC0326SBG",0
"1NK1PC0326SPB",1
"1NK1PC0328BBT",1
"1NK1PC0329SPB",1
"1NK1PC0330BBT",0
"1NK1PC0347",1
"1NK1PC0364-BK",1
"1NK1PC0365-BK",1
"1NK1PC0369-BK",1
"1NK1PC0376-WK",1
"1NK1PC0381AFM",1
"1NK1PC0381GVM",0
"1NK1PC0381IPT",0
"1NK1PC0381JSM",1
"1NK1PC0381NPM",1
"1NK1PC0381OFM",1
"1NK1PC0381SVM",1
"1NK1PC0398DEF",0
"1NK1PC0399NNF",1
"1NK1PC0403",1
"1NK1PC0416ABS",0
"1NK1PC0419DEB",1
"1NK1PC0420SPB",1
"1NK1PC0421-PW",1
"1NK1PC0421CUB",0
"1NK1PC0421SVM",1
"1NK1PC0424-CA",1
"1NK1PC0424WNF",0
"1NK1PC0428WNF",1
"1NK1PC0447ALG",1
"1NK1PC0453SKF",1
"1NK1PC0458BTT",0
"1NK1PC0459DTW",0
"1NK1PC0463TQF",1
"1NK1PC0465BAB",0
"1NK1PC0466-BM",1
"1NK1PC0466BAB",0
"1NK1PC0466TVB",1
"1NK1PC0467-BM",1
"1NK1PC0474ABS",1
"1NK1PC0479",1
"1NK1PC0483",1
"1NK1PC0487BKF",0
"1NK1PC0487SPN",1
"1NK1PC0495-PW",1
"1NK1PC0498CTF",1
"1NK1PC0500CTF",1
"1NK1PC0501",0
"1NK1PC0503",1
"1NK1PC0508TSU",0
"1NK1PC0512CBS",0
"1NK1PC0513BZM",0
"1NK1PC0513WZM",0
"1NK1PC0515",1
"1NK1PC0518BLL",0
"1NK1PC0524CGL",0
"1NK1PC0526CGL",0
"1NK1PC0532",1
"1NK1PC0533",0
"1NK1PC0534",1
"1NK1PC0535",0
"1NK1PC0540",0
"1NK27A0002",1
"1NK27A0003",1
"1NK27A0038",1
"1NK27A0041",1
"1NK27A0042",1
"1NK27C0010",1
"1NK27C0013",1
"1NK27C0046",1
"1NK2YA0006",1
"1NK2YA0023",1
"1NK2YA0048",1
"1NK2YA0059",1
"1NK2YA0060",0
"1NK2YA0062",0
"1NK2YA0065",0
"1NK2YA0066",1
"1NK2YA0069",0
"1NK2YA0073BKB",1
"1NK2YA0074KBF",0
"1NK2YA0075BKF",1
"1NK2YC0005-BK",0
"1NK4LA0001",1
"1NK4LA0019TGB",0
"1NK4LA0020BRG",1
"1NK4LA0025SPB",1
"1NK4LA0030SUB",0
"1NK5AA0001",0
"1NK5AA0007",0
"1NK5AA0009",0
"1NK5NA0001",0
"1NK5NA0004BKN",1
"1NK5NA0008GYC",0
"1NK5NA0010",0
"1NK5NA0011",0
"1NK5YA0001",1
"1NKBT52WBR",1
"1NKCRG37DL",1
"1NKCSR48",1
"1NKCX4SLV",1
"1NKGAX50",1
"1NKGAX70",1
"1NKGSA1BK",1
"1NKPBT41BB",1
"1NKPEXR17T",1
"1NKPRD4BK",1
"1NKPSA2AMB",1
"1NKPSR44",1
"1NKPX43CAF",1
"1NKWBT4TK",1
"1NKWBT5HS",1
"1NKWRD4BBS",1
"2BB1MR24PG",1
"2BB2MR41K",1
"2BB4AGA040",1
"2BGF106B-CH",1
"2BGMT1-SC",1
"2BX6002R-CHB",1
"2ED1C31GE8",1
"2ED1L31B",1
"2ED1R31K",1
"2ED2CPB",1
"2FRANB-TWB",1
"2GB1CFX1C",1
"2GB1H1SC",1
"2GB1MAB001",1
"2GB1PA0001",1
"2GB1WFX1C",1
"2GB2JAA032",1
"2GR1C411B",1
"2HPSLBU-BKF",1
"2LE2-4C",1
"2LE2-B",1
"2MB0005R-CHP",1
"2MH12A0015",1
"2MH1CG533P",1
"2MH1G7733K-L",1
"2MH1G7733K-R",1
"2MH3HA0006-R",1
"2MM0030R-AC",1
"2SL2C-12",1
"2SUX5AA005",1
"2TP12A0009",1
"2TP12A0010",1
"2TP1GB200",1
"2TP1PM120",1
"2TP44C0001",1
"2TPX5A0001",0
"2TR1MAA001",1
"2TR1MBA001",1
"2TR2JAB001",1
"2TR2YAC001",1
"2TR2YBC001",1
"2TRT102L-CH",1
"2TRX5BB005",1
"2TS2-2C2",1
"2TS2-2C3",1
"2TS2-2G1",1
"2TS2-2G2",1
"2TU12A0019",1
"2TUX5BA004",1
"2TUX5BA005",1
"32S04030",1
"32S04602",1
"32S04607",1
"32S04609",1
"32S04800",1
"32S04811",1
"32S04948",1
"32S04949",1
"32S04952",1
"32S05026",1
"32S05077",1
"3CA222R-N",1
"3CP1J331",1
"3E9545700A",1
"3E9546300A",1
"3E9546900A",1
"3E9547500A",1
"3E9548100A",1
"3E9548700A",1
"3E9550500A",1
"3E9551100A",1
"3E9551700A",1
"3E9552300A",1
"1,79769313486232E+308",1
"1,79769313486232E+308",1
"3EMB410BS-C",1
"3EMM4-S",1
"3EMP3LD",1
"3EMVATK2-SN",1
"3EQ2SA0002",1
"3JK1J23R",1
"3JKB6S001-CH",1
"3MA16105NSWHN",1
"3PS00A0005",1
"3PU1HAC1CK",1
"3PU1PA0013",1
"3PU1PA0076",1
"3PU1PA0085",1
"3PU1PC0082",1
"3PU2YA0001",1
"3PU2YA0002",1
"3PUDXPP0-FBN",0
"3PUIBB2-FB",1
"3PUIBS2-FB",1
"3PUIRN1-BKN",1
"3SW00A0003",1
"3SWLDMX10-N",1
"3SWLHH3",1
"3SWLSC",1
"3SWT3B001-N",1
"3VR12A0006",1
"3VR1C500B",1
"3VR1CT500B",1
"3VR1CT500D",1
"3VR1H500B",1
"3VR27A0001",1
"3YIBB2FB-B3B",0
"3YIBS2FB-B3B",0
"3YIR7B2BKNB3B",1
"3YIRB2BKN-B8B",1
"3YIRS2BKN-B5B",1
"4EP1MC0001",1
"4KB1J1C",1
"4KB1MA0009",1
"4MR1C212B",1
"4NT1CGL342",1
"4NT1MC0006",1
"4NT1UG3042",1
"4NT3NC0005",1
"4PG00A0032",1
"4PG00A0033",1
"4PG12A0025",1
"4PG12A0040",1
"4PG12A0074",1
"4PG1MA0028",1
"4PG1PC0013",1
"4PG4LA0004",1
"4PGG028R-BWB",0
"4PGGRHHR-FB",1
"4PGSLM10-BK",1
"4PGYY001-WBW",1
"4PRBB007-BK",1
"4PRBN007-BK",1
"4PT00A0037",1
"4PT12A0018",1
"4PT12A0019",1
"4PT12A0020",1
"4PT1AF200",1
"4PTX5A0007",1
"4SCPL005-BK",1
"4SCPT007-CRM",1
"4TH1MA0006",1
"4TPOPS40-MR",1
"5ABPST01-IV",1
"5AEQ09D",1
"5AEQ20C",1
"5AEQ28E",1
"5AJB07L",1
"5AJK01",1
"5AMH09N",1
"5AMH14N",1
"5AMH15D",1
"5AMH18N-R",1
"5AMH19N-R",1
"5AMH22J-R",1
"5AMH23C",1
"5AMH29E",1
"5AMH35D",1
"5AMH35D-L",1
"5AMH35D-R",1
"5AMH36D-L",1
"5AMH36D-R",1
"5AMH45E",1
"5AMH51G-L",1
"5AMH51T-L",1
"5AMH51T-R",1
"5AMH55N",1
"5AMH61B-L",1
"5AMH61B-R",1
"5AMH74N",1
"5AMH79AA",1
"5AMH84N",1
"5AMH85N",1
"5AMH88AA",1
"5ANT33N",1
"5ANT35R",1
"5ANT67E",1
"5APG01B",1
"5APG34N",1
"5APG42G",1
"5APG43E",1
"5APG44G",1
"5APG63E",1
"5APG67E",1
"5APG76T",1
"5APU03E",1
"5ASD23N",1
"5ASD26R",1
"5ASD42N",1
"5ASD46E11",1
"5ASD48E",1
"5ASD58N",1
"5EHJB5Q",1
"5PTB37114",1
"8JKB5007",1
"8JKBN011",1
"8JKC3003",1
"8JKC3006",1
"8JKC7002",1
"8KBC3003",1
"8PCB5034",1
"8PCC3014",1
"8PCC7001",1
"8PTBN008U",1
"8SPBN006",1
"8SPBN009",1
"8SWBH015",1
"8US4502Z1",1
"8VRC3001",1
"8VRC3003",1
"8VRC3016",1
"MB1018",1
"MB500BK",1
"3PU1MA0001",1
"1B-1NK1PA0653",1
"1B-5AJK23F",1
"1NK00C0008",1
"1NK1MC0016",1
"1NK1MC0018",1
"1NK1PA0559",0
"1NK1PA0645",0
"1NK1PC0068",1
"1NK1PC0495MFT",0
"1NK1PC0514CZM",0
"1NK1PC0514RGC",0
"1NK27A0021",1
"1NK27A0043","unknown"
"1NK27C0014",1
"1NKPBT4VDF",1
"1NKPGSA60",1
"1NKPSA221",1
"1NKPSA2TLB",1
"1NKPX47TGF",1
"1NKPX57TGF",1
"1NKSRX500",1
"1NKUGS4BK",1
"1NKUGS4NTF",1
"2ED1JS37C",1
"2MB0006R-CH",1
"2MG0076L-CHB",0
"2MG0076R-CHB",0
"2MH1CG2R6C",1
"2MH1SC1620-L",1
"2MH1SC1620-R",1
"2MH1UG1001",1
"2MH2YA0001-E",1
"2MH3HA0006",1
"2MH3MA0004-R",1
"2SBS003-BK",1
"2SL2C-5",1
"2SUX5BA001",1
"2TL2-6T01P",1
"2TL2-6T05P",1
"2TR1MBA003",1
"2TR2YBA001",1
"2TRX5BB001",1
"2TS2-2C1",1
"2TUX5BA001",1
"2TZ2-10G",1
"2ZR2-13",1
"3JK1H13",1
"3JK1H13G",1
"3JKO6S001-CH",1
"3SWLSP5",1
"3VR00A0002",1
"3VR1MC0001",1
"3VR1VM302",1
"3YJKOJKP-BK",1
"4CPCGSRM-BKF",1
"4CPCPS40-BKF",1
"4CPJGSA-BKF",1
"4CPTAZSA-BKF",0
"4CPTPIA-ST",1
"4DE1C1SET",1
"4EP1JH2K",1
"4KB1C1K",1
"4KB1MA0010",1
"4KB1MC0003",1
"4KBDLSW-BK",0
"4MR08A0002",1
"4MR1C212G",1
"4MR27A0008",1
"4PG00A0026",1
"4PG00A0046",1
"4PRBB007-IV",1
"4PRBN007-IV",1
"4PT12A0002","unknown"
"4PT12A0003",1
"4PT1CBB2",1
"4PT1CIC2",1
"4PT1CR2BK",1
"4PT1CRG1W",1
"4PT1CSA31",1
"4PT1CSR23B",1
"4PT1GRX2B",1
"4PT1H1AR2",1
"4PT1RG41B",1
"4PT1UGSR2",1
"4PT1WICB1",1
"4PT27C0014",1
"4PTX5A0004",1
"4SS1W1B",1
"4WRADJROD",1
"5AJK23F",1
"5AMH111E-L",1
"5AMH111E-R",1
"5AMH116E-L",1
"5AMH116E-R",1
"5AMH23E-R",1
"5EM2T-F",1
"5EMTTS",0
"8CAC3001",1
"8JKC7003",1
"8SWC3003",1
"MB500C",1
"MB500LC",1
"MB507C",1
"2TR1MAA002-CK",0
"3PU1MA0002",1
"+FXLEIJSC",1
"1B-1NK-EXSERI",1
"1B-1NK1PA0406",1
"1B-1NK1PC0325",1
"1B-5AEQ20F",1
"1B-5AMH36C",1
"1NK1PA0122",1
"1NK1PA0393",0
"1NK1PA0403",1
"1NK1PA0414",0
"1NK1PC0076",1
"1NK1PC0150",1
"1NK1PC0195",0
"1NK1PC0302NTF",1
"1NK1PC0336",1
"1NK1PC0339",1
"1NK1PC0414ABS",0
"1NK1PC0420DEB",1
"1NK1PC0488-BK",0
"1NK1PC0498AST",0
"1NK1PC381",1
"1NK27A0005",1
"1NK4HC0001",1
"1NK4HC0002",1
"1NKGMK1BK",1
"1NKWR54SB",1
"2BB12CA004",1
"2BB1MDJ001",1
"2BB1MR4K",1
"2BB4ADA027",1
"2ED1C331B",1
"2EL1J11LPC",1
"2EL2-31",1
"2EL2-A",1
"2EL2-C8",1
"2FR0002-ABL",1
"2GB1GB10",1
"2GB1MAC001",1
"2GBX5BA009",1
"2GT1VSVG1N",1
"2HPSLBL-BKF",1
"2HST102-CH",1
"2LE1R31C",0
"2LE1R31G",0
"2LE1R31SB",1
"2LE2-2PC",1
"2LE2-6S",1
"2LE2-7BS",1
"2LN3YBA013",1
"2MB0007L-BM",1
"2MB0007R-BM",1
"2MB0013R-BK",1
"2MG0002SR-CK",1
"2MG00131R-GD",1
"2MG0017L-CH",1
"2MG0017L-GD",1
"2MG0017R-AG",1
"2MG0017R-CH",1
"2MG0028L-BK",1
"2MG0028L-GD",1
"2MG0028R-BK",1
"2MG0028R-GD",1
"2MG0051L-CH",1
"2MG0072L-CH",1
"2MG0072R-CH",1
"2MG0076L-CH",1
"2MG0076R-CH",1
"2MH08C0007",1
"2MH1G7022B-L",1
"2MH1G7022G",1
"2MH1G7723G",1
"2MH1GB722G",1
"2MH27A0009-L",1
"2MH4LA0002",1
"2MM0010L-CH",1
"2MM0034L-CH",1
"2MM0034R-CH",1
"2QC1HQ3CK",1
"2SA2TA",1
"2SBS003-CK",1
"2SCKI6313-BK",1
"2SGD006-CH",1
"2SL1C12C",1
"2TL1X43B",1
"2TP12A0021",1
"2TP12C0003",1
"2TP12C0004",1
"2TR2YBA002",1
"2TR6002R03",1
"2TR6002R13-CH",1
"2TRA001R-CH",1
"2TRA001R-GD",1
"2TRX1GA003",1
"2TRX5AA004",1
"2TRX5AD029",1
"2TRX5BA008",1
"2TS2-4",1
"2TU12A0010",1
"2TU27A0005",1
"2TU3HA0001",1
"2YNSB1540-CH",1
"2YSBT0002-CH",1
"3CP1MA0001",1
"1,79769313486232E+308",1
"3EMB410B-CB",1
"3EMV5-S",0
"3MC16105NSWHN",1
"3MQ587100NBSN",1
"3MQ587105NBSN",0
"3MR16107N-BSN",1
"3PAGRSSHR-WBW",1
"3PU00A0002",1
"3PU00A0015",1
"3PU1C3061",1
"3PU1C4062",1
"3PU1C5010",1
"3PU1MA0029",1
"3PU1PA0015",1
"3PU1PA0023",1
"3PU1PA0027PKF",0
"3PU1PA0041PKF",0
"3PU1PA0042",1
"3PU1PC0026",1
"3PU2SC0009",1
"3PU3PA0019",1
"3PUAP2-FB",1
"3PUCBA1-CH",1
"3PUCEB1-ACA",1
"3PUCEMN1-CHN",0
"3PUCES2-CHN",1
"3PUCVST0-FB",1
"3PUDXJEJ0-FBN",0
"3PUMTN4-CH",0
"3PUPD4N9-FBN",1
"3PUPD5B6-FBN",1
"3PUQMB2-FWN",0
"3PURCCB2",1
"3PURCCB2-GDG",1
"3PURCCN4",1
"3PUS80N4-GD",1
"3SW00A0002",1
"3SW1MA0008",1
"3SW2YA0001",1
"3VPTN4A",1
"3VR12A0005",1
"3VR1VM303",1
"3VR3PC0001",1
"3VRSW0002-SL",1
"4CPPSRF-BK4",0
"4EP1J1C",1
"4EP1J3G",1
"4KB1C5G",1
"4KB1MA0011",1
"4KB1MA0012",1
"4KB4LA0009",1
"4KBDLSS-GAP",1
"4N4134601RPBK",1
"4N4232603RPWH",1
"4N4364603LPBK",1
"4NT12A0006",1
"4NT1CG5055",1
"4PG00A0005",1
"4PG00A0024",1
"4PG12A0004",1
"4PG12A0020",1
"4PG12A0032",1
"4PG1CX4HL",1
"4PG1CX4WP",1
"4PG1GB200",1
"4PG1J7D",1
"4PG1JEMCL2",1
"4PG1SM2VLS",1
"4PG4LA0005",1
"4PGAAAM-BK",1
"4PGAAC-RT",0
"4PGATZ-WBW",1
"4PGAX2H-RT",1
"4PGAZSSH-VBV",1
"4PGBTMB35-BWB",1
"4PGG011R-WHP",1
"4PGG030R-BTS",1
"4PGG5K001AWP3",1
"4PGGRMHHR-BWB",1
"4PGPIA-BK",1
"4PGX009R-WP4",1
"4PGX018R-BTS",1
"4PT00A0021",1
"4PT12A0017",1
"4PT1AS200",1
"4PT1CJS3B",1
"4PT1JSPRTV",1
"4PT1JSPRV",1
"4PT27C0015",1
"4PT4LA0015",1
"4SC4LA0003",0
"4SCPL005-GR",1
"4SCPT003-BK",0
"4TH2YA0002",1
"5AEQ02E",1
"5AEQ20F",1
"5AEQ30F",1
"5AHK04N",1
"5AJB21B",1
"5AMH04B-L",1
"5AMH111E",1
"5AMH118E",1
"5AMH118E-L",1
"5AMH118E-R",1
"5AMH95N",1
"5ANT65E",1
"5ANT66E",1
"5APG01U",1
"5APG52E",1
"5APG55E",1
"5APG57E",1
"5APT01B",1
"5APU42F",1
"5APU48F",1
"5ASD26E",1
"5ASD47E",1
"5EHTP2T-CF",0
"5S724L401R-B",0
"8KBB5007",1
"8KBC3001",1
"8KBC3002",1
"8PCB5026",1
"8PTB5001U",1
"8PTBN004U",1
"8SPB5001",1
"8SWBH013",1
"8SWBH014",1
"8SWBN005",1
"8SWC3006",1
"8TUBN001",1
"8TUBN007",1
"8VL1352N1",1
"8VRB5012",1
"8VRC3024",1
"8VRC3032",1
"8VRC3033",1
"8VRC7007",1
"IBS50-SCREW",1
"MBB5101PG",1
"POTI-AD9",1
"YEH274G",1
"1B-2MH1WRD4C",1
"1B-5AMH51T",1
"1B-5AMH73U",1
"1NK00A0425DBF",1
"1NK00A0425PRT",1
"1NK00A0426DBF",1
"1NK00A0427CSW",1
"1NK00A0427DFM",1
"1NK00A0432-KM",1
"1NK00A0432GRM",1
"1NK00A0433TFR",1
"1NK1PC0346",1
"2AC2-2C",1
"2AC2B4-1B",1
"2BB1A14K",1
"2BB1WFRN",1
"2BB3HDA001",1
"2ED2-2B",1
"2ED2-2C",1
"2ED2-2G",1
"2HS001-CH",1
"2HST102-BK",1
"2LE2-1LB",1
"2LN1BR43G",1
"2LN1MAC002",1
"2LN1MAD005",1
"2LN1MBA002",1
"2LN3YAA021",1
"2LT2-6-E",1
"2LT2-A",1
"2MB0007L-CH",1
"2MB0007R-CH",1
"2MG0017R-GD",1
"2MH08A0001",1
"2MH1CB240C",1
"2MH1CG1L6C",1
"2MH1G7022S",1
"2MH1G7733G",1
"2MH1G7733K",1
"2MH1PGM900",1
"2MH1S38L7C",1
"2MH1UG1L6C-E",1
"2MH1UG33C",1
"2MH1WATK4C-L",1
"2MH1YB122C-R",1
"2MH27A0007",1
"2MH27A0010-L",1
"2MH27A0010-R",1
"2MH3MA0002",1
"2SA2-T3",1
"2SCCT2012-BK1",1
"2ST2-C-1S",1
"2SUX5BA005",1
"2TL1H43G",1
"2TL1X43G",1
"2TL2-2G",1
"2TRAT102R-BK",1
"2TRX1BA004",1
"2ZR2-12",1
"3CAGSCVR",1
"3PU00A0001",1
"3PU1PA0018",1
"3PU27A0042",1
"3SW1JT31B",1
"3VPB2A",1
"3VR1C500AS",1
"3VR1C50BTD",1
"3VR1CT25A",1
"3VR1J500AS",1
"3VR1T500",1
"3VR1V500",1
"4CPC0003R-BK",1
"4CPCAFR-BKF",1
"4CPCAZ-BKF",1
"4CPCG5K001BKF",1
"4CPCGSR-BKF",0
"4CPCPGMM-BKF",1
"4CPSPS40-BKF",1
"4CPT0005R-BK",1
"4CPTAZ7-BKF",0
"4EP1H1C",1
"4KB00A0005",1
"4KB1HBK",1
"4KB1J2G",1
"4KB1JHS1",1
"4KB1W11C",1
"4KB1W12C",1
"4KB1W3CW",1
"4KB27A0001",1
"4KB27A0012",1
"4MR12A0003",1
"4MR12A0015",1
"4MR1BK",1
"4MR1C112HC",1
"4MR1C112HV",1
"4MR1HSWD",1
"4MR1J212G",1
"4MR1J212PC",1
"4MR1J352",1
"4NT1PC0002",1
"4PRBB001-BK",1
"4PT00A0003",1
"4PT12A0005",1
"4PT12A0007",1
"4PT12A0009",1
"4PT12A0012",1
"4PT1BTB1",1
"4PT1CSR61B",1
"4PT1H1AR3",1
"4PT1JSPRB2",1
"4PT1PM",1
"4PT1RGX3",1
"4PT1UGSR1",1
"4PT1WSA32",1
"4PT1YGSA2B",1
"4PT4LA0012",1
"4PTX5A0001",1
"4PTX5A0003",1
"4PTX5C0001",1
"4SC1PA0001",1
"4SC1PA0002",1
"4TH00A0001",1
"4TH12A0001",1
"4THX5A0002",1
"5ABB04F",1
"5ABB20F",1
"5AJK07B",1
"5AMH04B-R",1
"5AMH117E",1
"5AMH51T",1
"5AMH77T",1
"5ASD65C",1
"5ASD75Z",1
"5ASP07E",1
"5EHTP2T-FF",1
"5EM2U-C",1
"5EM2UV2-C",0
"8PCB5039",1
"IB-KT88STR",1
"5APG32B",1
"+SCREWTRUS-C",1
"1B-2TR1MAA005",1
"1B-5AMH35C",1
"1B-5AMH77T",1
"1NK00A0373-VL",1
"1NK00A0383BRE",0
"1NK1PA0528",0
"1NK1PC0133",1
"1NK1PC0225",1
"1NK1PC0351",1
"1NK1PC0358",1
"1NK1PC0462TWB",0
"1NKWSA1601",1
"2BB12CA002",1
"2BB12CA003",1
"2BB14-BK",1
"2BB14-CH",1
"2BB1EB75C",1
"2BB1EB76B",1
"2BB4001R-BKF",1
"2BB4ACA005",1
"2BB4ACD002",1
"2BBMR5S-BFK",1
"2BG6001L-CH",1
"2BGGBP6-CH",1
"2BGGBP6-GD",1
"2BGMR-BK",1
"2CL2-9",1
"2EL1J11LK",1
"2EL2-2C",1
"2EL2-2G",1
"2FA2C222B",1
"2FA2C223B",1
"2FREHB4-WK",0
"2GB1G510G",1
"2GB1PAB001",1
"2GB2JAA028",1
"2LE1K731PC",1
"2LE1R31B",0
"2LE1R31K",0
"2LE1R31V",1
"2LE2-14P",1
"2LE2-1UB",1
"2LN1MBC004",1
"2LN2-7G",1
"2MB0010L-CH",1
"2MB0010R-CH",1
"2MB0013L-CK",1
"2MB0013R-CK",1
"2MG00282L-CK",1
"2MG0028R-CK",1
"2MG0051L-CK",1
"2MH1G7732G",1
"2MH27A0009-R",1
"2MH27C0026",1
"2MM0028R-NI",1
"2MM0034L-BK",1
"2MM0034R-BK",1
"2MM0043L-CHV",1
"2MM0043R-CHV",1
"2NT1JH5043",1
"2SBS003-GD",1
"2SLG7-CK",1
"2TL2-7C",1
"2TP00A0001",1
"2TP12A0001",1
"2TP12A0008",1
"2TP12A0026",1
"2TP1C1G",1
"2TP2JBA002",1
"2TPX5A0003",1
"2TR1MAA005",1
"2TR1MBA002",1
"2TR1MBA005",1
"2TR1MBA006",1
"2TR27BA004",1
"2TRAT102R-CH",1
"2TRX5BA005-PC",1
"2TRX5BA011",1
"2TUX5A0002",1
"2TUX5A0004",1
"2YNJ03BK-CH",1
"32S02649",1
"32S03731",1
"32S04610",1
"3EQ1EQAPZ4",1
"3EQ1MC0007",1
"3JKM6S01-N",1
"3MC16098NLWHN",1
"3MC16100SMWHN",1
"3MQ586100NBSN",1
"3PAGRHHR-BWB",0
"3PS00A0001",1
"3PS1C3WTG",1
"3PU1C3034",1
"3PU1C4131",1
"3PU1NBK",1
"3PU1PA0007",1
"3PU1PA0034PKF",1
"3PU1PA0084",1
"3PU1U2001",1
"3PU1Y2002",1
"3PU27A0039",1
"3PU27A0041",1
"3PU2SA0005",1
"3PU2SA0006",1
"3PU3HA0006",1
"3PUAM8B4-FB",0
"3PUAP11F1-FB",0
"3PUISM0-WHN",1
"3PUMTN4-GD",0
"3PUPMSF2",0
"3PUQMT2-FBN",1
"3PUQSM0-FB",0
"3PURCB2-BKN",1
"3PUS1M0-FB",0
"3PUS80B4-GD",1
"3SWT3B001-GD",1
"3V253SASW1-KL",1
"3VPV22A",1
"3VPV25A",1
"3VR00A0007",1
"3YIRB2BKN-B3B",1
"3YIRS2BKN-B3B",1
"3YJKUB85-BK",1
"4CPCQ-BKF",1
"4EP4LA0002",1
"4JKPTMS-CH",1
"4KBDLSS-GWP",1
"4MR27C0001",1
"4N4563502RPBK",1
"4N5464601RPBK",1
"4N5564802RPBK",1
"4NT00A0001",1
"4NT3NC0008",1
"4PG00A0004",1
"4PG00A0006",1
"4PG00A0040",1
"4PG12A0005",1
"4PG12A0024",1
"4PG12A0076",1
"4PG1J7VW2",1
"4PG1PC0010",1
"4PG1PC0018",1
"4PGA006R-RTS",1
"4PGAAE-BTS",1
"4PGAZSSH-BWB",1
"4PGAZSSH-WP3",1
"4PGPIA-WP3",1
"4PGX015R-BTS",1
"4PRBN003-BK",1
"4PT00A0031",1
"4PT00A0038",1
"4PT1CSR2BL",1
"4PT1PA0016",1
"4PT1UV1BA",0
"5ABH02N",1
"5AEQ29F",1
"5AEQ38L",1
"5AEQ57E",1
"5AEQ68F",1
"5AMH02AD-R",1
"5AMH20J-L",1
"5AMH20J-R",1
"5AMH30D",1
"5AMN03N",1
"5ANT57T",1
"5ANT58X",1
"5ANT69E",1
"5ANT73E",0
"5ANT75N",0
"5ANT87B",1
"5ANT88B",1
"5APG03D",1
"5APG28E",1
"5APU35F",1
"5EM2U",1
"5EMAHA101-N",1
"8VRBN042",1
"8VRC3004",1
"1B-5AJB04F",1
"1B-5AMH35AD",1
"2AC2B4-1G",1
"2BB1CFRC",1
"2BB1MCJ001",1
"2BB2EB761B",1
"2CD2-C5",1
"2ED2-2K",1
"2ED2-2PC",1
"2ED2C9",1
"2GB1H1BWD",1
"2GB2JAA024",1
"2GB2JAB001",1
"2GB2JBB001",1
"2GBX5BA010",1
"2HS001-GD",1
"2LE2-11D31",1
"2LN1CJS42C",1
"2LN1MAD002",1
"2LN1MAF001",1
"2LN2-8-PC",0
"2LT2-2G2",1
"2MG0002SL-CH",1
"2MG0082R-CH",0
"2MH1CG433G",1
"2MH1CG633B",1
"2MH1MA0003",1
"2MH1U222C-R",1
"2MH2YA0002",1
"2MH3MA0004",1
"2SA1C10C",1
"2SDGM0002-GD",1
"2TL1BR43V",1
"2TM1H1FB",1
"2TP1HFT4G",1
"2TR00BA001",1
"2TRX1BA003",1
"2TRX5BA001",1
"2TRX5BA004",1
"2TRX5BB004",1
"2TRX5BC001",1
"2TRX5BD001",1
"2ZR2-10",1
"2ZR2-2A",1
"2ZR2-2K",1
"2ZR2-B2",1
"3EQ1EQAPZ5",1
"3JK1NEU1",1
"3JK27C0001",1
"3PS1J3WTG",1
"3PU1C3037",1
"3PU1C4130",1
"3PU1HMF4",1
"3PU1PC0002",0
"3PU1U4241",1
"3PU1W4281",1
"3SWPBYA",1
"3SWPMFA",1
"3VPBT4A",1
"3VR27A0005",1
"3YJKB01-CH",0
"4CPPSRH-BK4",1
"4CPPSRH-BK5",1
"4EP1H1G",1
"4KB12A0004",1
"4KB1C11B",1
"4KB1HG",0
"4KB1MA0006",1
"4KB1W001",1
"4KBX5A0003",1
"4MR12A0002",1
"4MR1J122V",1
"4MR1J212C",1
"4MR1MA0002",1
"4PG12A0003",1
"4PG12A0082",1
"4PG1H1BK",1
"4PG1PC0019",1
"4PGBTMB1-BWB",1
"4PGBTMB1-RT",1
"4PRBB003-BK",1
"4PT00A0012",1
"4PT00A0019",1
"4PT1AR6",1
"4PT1CRG5",1
"4PT1GB",1
"4PT1MA0005",1
"4PT1MC0003",1
"4PT1PA0007",1
"4PT1PBTB3",1
"4PT1PC0017WNF",1
"4PT1PC0024",1
"4PT1RG23PL",1
"4PT1RGL3B",1
"4PT1SR21B",1
"4PT27A0002",1
"4SC1L1W",1
"4SS1H1C",1
"4TH2JA0002",1
"5ABPST01-IVR",1
"5AJB04F",1
"5AJK05F",1
"5AJK08F",1
"5AMH03C",1
"5AMH10G-L",1
"5AMH10G-R",1
"5AMH15G-L",1
"5AMH15G-R",1
"5AMH19J",1
"5AMH20J",1
"5AMH21B-L",1
"5AMH21B-R",1
"5AMH23B-L",1
"5AMH26B-L",1
"5AMH26B-R",1
"5AMH35C-R",1
"5AMH35N",1
"5AMH53G",1
"5AMH62T",0
"5AMH77T-R",1
"5ASP12F",1
"5EHSP2T-F",1
"5EM2U-F",1
"5EMTP2-C",1
"8OPC3001",1
"MB1002",1
"MB1006",1
"1NK27C0040",1
"1NK2YA0007",1
"1NK2YC0001-BK",0
"1NKWSA1603",1
"2AC2B202B",1
"2AC2B252K",1
"2BB1EB76K",1
"2BB1MDC001",1
"2BB2EB751G",1
"2BB44CA001",1
"2BB4ACE003",1
"2BBMR5S-GD",1
"2BGGBP6L-GD",1
"2BGMR-GD",1
"2CL2-A",1
"2ED2C5L",1
"2ED2C5M",1
"2ED2C9A",1
"2EL1J71C",1
"2EL2-2PC",1
"2EL2-2V",1
"2EL2-3-PC",0
"2EL2-7B",1
"2EL2-7B-PC",1
"2GB1H1BWD-CH",1
"2GB1H1SCK",1
"2GB1MBB002",1
"2GB2JAC002",1
"2LE1UV31C",1
"2LE2-2G",1
"2LE2-A",1
"2LN1MBC001",1
"2LN1MBC010",1
"2LN3YAA003",1
"2MB0003L-GD",1
"2MB0003R-BK",1
"2MB0003R-GD",1
"2MB0013L-CH",1
"2MG0017L-AC",1
"2MG0017R-AC",1
"2MG0049R-CH",1
"2MG0051L-BK",1
"2MG0051R-BK",1
"2MM0030L-AC",1
"2QC1AQM1C",1
"2SCCT2018-BK1",0
"2SLG6-GD",1
"2ST2-C-3S",1
"2SUX5BA004",1
"2TL1X43C",1
"2TL1X43SB",1
"2TL2-2B",1
"2TP12A0024",1
"2TP1C1C",1
"2TP1HFT4C",0
"2TPPMS-TG",1
"2TRA001L-CH",1
"2TRAT102L-CH",1
"2TRX5AE004",1
"2TRX5AJ001",1
"2TRX5BA003",1
"2TRX5BA005",1
"2TRX5BA006",1
"2TRX5BA010",1
"2TRX5BA017",1
"2TRX5BA017-PC",1
"2TRX5BD002",1
"2TRX5BD007",1
"2TRX5BD011",1
"2TU12A0016",1
"2TU12A0018",1
"2TU27A0004",1
"2ZRT1RNB2",1
"32S04682",1
"3EMP2S",1
"3EMV5-C",1
"3EQ1EQB21X",1
"3EQ1EQDW2B",1
"3EQ1MC0008",1
"3EQ1MC0012",1
"3MQ586100N-GD",1
"3MQ586105N-GD",1
"3MQ586105NBSN",1
"3MR16100N-BSN",1
"3MR16102S-BSN",0
"3PS1H3TG",1
"3PS1VLX91",1
"3PT00083-BS",0
"3PU1C4370",1
"3PU1HJH1",1
"3PU1HJH2",1
"3PU1J1GB2G",1
"3PU1PA0035",1
"3PU1PA0046",1
"3PU1PC0001",1
"3PU1U2002",1
"3PU27A0010",1
"3PU27A0011",1
"3PU27A0021",1
"3PU27A0047",1
"3PU27C0001",1
"3PU27C0008",1
"3PU27C0028",1
"3PU3PA0011",1
"3PU3PA0012",1
"3PUAL15A4-FB",1
"3PUAL16A4-FB",1
"3PUCEN1-GDG",1
"3PUDXJJ0-FBN",1
"3PUMCB4-BKN",1
"3PUMCN4-BKN",1
"3PUPD4B9-FBN",1
"3PUPD5N6-FBN",1
"3PUSJAK0-FB",0
"3PUTDT4-BKN",1
"3V253SAS01-KL",1
"3V254SAS01-KL",0
"3VPT24A",1
"4KB1J1B",1
"4KB1J1G",1
"4KB1J1K",1
"4KB27C0002",1
"4MR4LA0012",1
"4MR4LA0013",1
"4N42656R8-PBK",1
"4N4364601RPBK",1
"4N4563504RPBK",1
"4N4565501RPBK",1
"4NT12A0008",1
"4NT1JB5039",1
"4PG12A0002",1
"4PG12C0001",1
"4PG1BG2TRD","unknown"
"4PG1J7VW",1
"4PG1JTK2RT",1
"4PG1MA0004",0
"4PG1MA0019",1
"4PG1PC0014TKF",0
"4PGAPF2-RT",1
"4PGG004L-MR",1
"4PGGXHHR-BK",0
"4PGQ6SSR-FB",1
"4PGX001R-BKF",0
"4PGX003R-BKC",1
"4PGX014R-BTS",1
"4PRBN001-BK",1
"4PT1CER3B",1
"4PT1CSR2B",1
"4SCPL005-WH",1
"5AAR02N",1
"5ABPST01-BK",1
"5ABR01N",1
"5AEQ80L",1
"5AMH74R",1
"5ANT29T",1
"5APG93Z",1
"5APU15F",1
"5APU16B",1
"5APU44F",1
"5ASD18F",1
"5ASD41T",1
"5ASP05T",0
"5ATP01G",1
"5EJ4X",1
"5EM3MIX",1
"5EMSKTR",1
"5PCPA3",1
"5S743M401RPIV",1
"8HDBN005",1
"8JKB5008",1
"8SWB5009",1
"MB5100G",1
"1B-5AMH07AA",1
"1B-5AMH22J",1
"1NK1PA0386",0
"2AC1B205C",1
"2ARD001-WNF",0
"2BB1A14C",1
"2BB1HG3C",1
"2CL2-6",1
"2CL2-8",1
"2EL2-3",1
"2EL2-B",1
"2EL2-C3-PC",0
"2EL2-CHAS",1
"2FA2-C1LC",1
"2GB1FT3B",1
"2GB1MBB001",1
"2GB2JBB004",1
"2LE1UV31B",1
"2LE1UV31G",1
"2LN1BR43C",1
"2LN1MAA001",1
"2LN2-2C",1
"2LN2-2SN",1
"2LN3YAA002",1
"2LT2-2G3",1
"2MG0073SL-CH",1
"2MH1CG233C",1
"2MH1CG433C",1
"2MH1G7022K-L",1
"2MH1G7022K-R",1
"2MH1WRD4C",1
"2MH3MA0003",1
"2QC1HFTG",1
"2SA1T302",1
"2SCKT5040-BK",1
"2SCRT3025-BK",1
"2SL2C-1C",1
"2TL1H43C",1
"2TL1X43PC",1
"2TL2-2K",1
"2TP12A0004",1
"2TR1MBA001-GD",1
"2TR1MBA013",1
"2TR2JBB001",1
"2TRX5BA002",1
"2TRX5BA007",1
"2TRX5BC002",1
"2TRX5BD008",1
"2TU2JBA002",1
"3CA210BR",1
"3CASP5VTR",1
"3EQ1EQGW2",1
"3JK27A0004",1
"3PU1MC0009",1
"3PU1MC0010",1
"3PU27C0021",1
"3PUIRB2-BKN",1
"3SW1PA0002",1
"3SWLFHSHR",1
"3YJKOJKP-CH",1
"4EP1H1BK",1
"4JP12A0001",1
"4KB1C4B",1
"4KB3HA0002",1
"4KB3XA0012",1
"4KBDLSS-GGP",1
"4MR1HGBK2",1
"4MR1J122B",1
"4MR1J152V",1
"4MR4LA0010",1
"4MR4LA0011",1
"4N4364602RPBK",1
"4PG27A0008",1
"4PT00C0003",1
"4PT12A0022",0
"4PT1CSR1B",1
"4PT1H1AR",1
"4PT1RG1B",0
"4PT1RG3BA",1
"4PT1RGL1BA",1
"4PT1S3B",1
"4PT1SA1BA",1
"4TRC0007-RBK",1
"5AEQ85N",1
"5AJK03B",1
"5AJK04F",1
"5AMH07AA",1
"5AMH15E-L",1
"5AMH15E-R",1
"5AMH22J",1
"5AMH33B-L",1
"5AMH35B-L",1
"5AMH51G",1
"5AMH60B",1
"5AMN02N",1
"5ANT108AE",1
"5ANT14N",1
"5ARC02F",1
"5ASD12D",1
"5ASP13F",1
"5EM2T-C",1
"8OPB5009",1
"8VRC3023",1
"1NK1PC0329",1
"1B-5AEQ41F",1
"1B-5AEQ60F",1
"1B-5AEQ66W",1
"1B-5AJK19E",1
"1B-5AJK26F",1
"1B-5AMH32E",1
"1NK1PA0402",1
"2AC1B200K",0
"2AC1B205K",1
"2AC2B252K-PC",1
"2BB1001R-BKF",1
"2BB15W-BK",1
"2BB1MDI004",1
"2BB1MDI006",1
"2BB1MDI013",1
"2BB1MDI015",1
"2BB1STD5B",1
"2BB3HCA001",1
"2BB4ACA011",1
"2BB4ACA013",1
"2BB4ACA015",1
"2BB4ACA028",1
"2BB4ACE002",1
"2BB4ADA009",1
"2BB4ADA013",1
"2BB4ADA026",1
"2BB4ADA030",1
"2BB4ADD001",1
"2BB5001R-BKF",1
"2BB504-BFK",1
"2BB505-BFK",1
"2BB505-GD",1
"2BBMR5HS-BCR",1
"2BGF106-GD",1
"2BGMT1-CK",1
"2BX5B0003-GD",1
"2ED2-4S",1
"2ED2C9B",1
"2EL2-C1BE8",1
"2FREHB4S-WK",1
"2GB00A0001",1
"2GB2JAA016",1
"2GB2JBB003",1
"2GBX5BA004",1
"2GR1C411C",1
"2LE1UV31K",1
"2LE2-13K",1
"2LE2-1G",1
"2LE2-2K",1
"2MC0001R-GDB",0
"2MC0005L-GDP",0
"2MC0005L-NIP",0
"2MC0005R-GDP",0
"2MC0005R-NIP",1
"2MG0004L-CH",1
"2MG0004R-CH",1
"2MG0015L-GD",1
"2MG0015R-GD",1
"2MG0017L-AG",1
"2MG0020L-CH",1
"2MG0038L-GDR",1
"2MG0038R-GDR",1
"2MG0049L-CH",1
"2MG0067ER-NI",1
"2MH1S38L7B",1
"2MH1SA260L",1
"2MH1YB232C-L",1
"2MH1YB232C-R",1
"2MH27C0004",1
"2QC1HFTC",1
"2QC1HQ3B",1
"2SC5V0001-BK",1
"2SC5V0002-BK",1
"2SCKI6313-N",1
"2SCKT5045-BK",1
"2SLG6-CK",1
"2TL1BR43C",1
"2TL2-1S",1
"2TL2-8S",1
"2TM1H1SCK",1
"2TP0001-BK",1
"2TPQC36-CH",1
"2TPQC36-GD",1
"2TRT106BR-CH",1
"2TRX5AD024",1
"2TRX5AD037",1
"2TRX5BA012",1
"2TRX5BA015",1
"2TRX5BD004",1
"2TU12A0015",1
"2TU2YA0002",1
"2TU2YA0003",1
"2TUX5A0005",1
"2YSBT0002-BK",1
"32S00315",1
"3CA0002R",1
"3EMR76-S",1
"3EQ1CVM3",1
"3PU00A0007",1
"3PU12A0001",1
"3PU12A0002",1
"3PU12A0003",1
"3PU12A0004",1
"3PU12A0005",1
"3PU12A0006",1
"3PU12A0007",1
"3PU12A0008",1
"3PU12A0009",1
"3PU12A0010",1
"3PU12A0023",1
"3PU12A0024",1
"3PU12C0002",1
"3PU1C3035",1
"3PU1C3045",1
"3PU1C3053",1
"3PU1C4150",1
"3PU1C4160",1
"3PU1C5040",1
"3PU1HAC2C",1
"3PU1J15811",1
"3PU1PA0016",1
"3PU1PC0022",1
"3PU1PC0023",1
"3PU1PC0027",0
"3PU1U4243",1
"3PU27A0002",1
"3PU27A0016",1
"3PU27A0028",1
"3PU2SA0004",1
"3PU2SC0012",1
"3PU3PA0009",1
"3PU3PA0010",1
"3PU3PA0017",1
"3PU3PA0018",1
"3PUAM7B4-FB",1
"3PUAM7N4-FB",1
"3PUCCB4-CHN",1
"3PUCEB2-CHN",1
"3PUCEB2-GD",1
"3PUIRS2-WHN",0
"3PUMTB4-GD",1
"3PUQMB2-FBN",1
"3PUQMN4-FBN",1
"3PUQSN0-FB",1
"3PURSN0-FB",0
"3PUS58N1-AGA",1
"3VR12A0008",1
"3YIRB2WHN-B3B",1
"3YRSNOFB-BK",1
"4EP1J3B",1
"4JKP002-ABK",0
"4KB1MC0004",1
"4N4163601RPBK",0
"4N4234602RPBK",1
"4N42636R0-PBK",1
"4N5564801RPBK",1
"4NUB4R-PBK",1
"4PG00A0016",1
"4PG00A0017",1
"4PG12A0069",1
"4PG1GB10",0
"4PG1MA0018",1
"4PG1PC0012",1
"4PG1QM2BRW",1
"4PGGRHHR-RWB",1
"4PGTHBB10-BWB",0
"4PGTM3S-WP3",1
"4TRC5B0001",0
"5ABRMA01N-CH",1
"5AEQ41F",1
"5AEQ60F",1
"5ANT12N",1
"5ANT22N",1
"5ASD03C",1
"5ASD73B",1
"5ASP02B",1
"5ASR02N",1
"5EB2A3N",1
"5EMMGVR",1
"5EMTBVR",1
"5EMTP2-F",1
"5S743H401L-B",1
"5S743M201RPBK",1
"5S743M401RPBK",1
"8PCB5024-U",1
"8VRB5015",1
"8VRBN006",1
"DP155FCRM",1
"1B-5AMH70N",1
"2EL2-C3",1
"2GB1FT3C",1
"2GBX5BA007",1
"2GBX5BA011",1
"2L48001R-BK",1
"2LE2-19B",1
"2LE2-2C",1
"2LE2-2PN",1
"2LN1MAD003",1
"2LN2-2G",1
"2LN2-2K",1
"2MH08A0002",1
"2MH1CB232C",1
"2MH1CG533C",1
"2MH1UG1L6C",1
"2MH1WG2L6C",1
"2MH1YB222C-L",1
"2MH27A0003",1
"2MH27A0007-E",1
"2MH27A0010",1
"2SCKI6321-BK",1
"2SCRI3427-BK",0
"2TL1JSV42C",1
"2TL2-4S",1
"3CA110R",1
"3CH2065HH",1
"3EMP2BA",1
"3EQ001AR-HWH",0
"3PU1C4230",1
"3PU1C4341",1
"3PU1C4361",1
"3PU1J1GB1G",1
"3PU1U4240",1
"3PU27C0024",1
"3SW27A0002",1
"3SWB3N001-N",1
"3VPBT244A",0
"3VPT44A",1
"4EP1J3PC",1
"4KB12A0002",1
"4KB1C1G",1
"4KB1JF1W",1
"4KB1JF2W",1
"4KB1JVK18K",1
"4KB3XA0008",1
"4KBDLSW-GD",1
"4KBMPM-BK",0
"4KBSDP1",1
"4NT1JG5045",1
"4PT1AR2",1
"4PT1CJP2B",1
"4PT1CJP2K",1
"4PT1PA0025",0
"4PT1PC0009",1
"4PT1RG1PL",1
"4PT3XA0001",1
"4PTX5A0005",1
"4PTX5A0006",1
"4SC1J1W",1
"4TH2SA0001",1
"5ABP13B",1
"5ABP20B",1
"5AMH01C",1
"5AMH03G",1
"5ASD46E",1
"5EJ3Q",1
"5S743M401LPIV",1
"8OPBH039",1
"LRCTRLXN",1
"MB500CK",1
"1B-5AEQ26F",1
"2BB15-BK",1
"2BB1EB75AG",1
"2BB4ACA009",1
"2BB4ACA022",1
"2BB4ACA023",1
"2BB4ACE001",0
"2BB6001R-CK",1
"2BBMR504-GD",1
"2BGGS36-BK",1
"2BX5B0002",0
"2ED2C4",1
"2ED2C7-PC",1
"2EL1J71PC",1
"2FREHB6MS-WK",1
"2GB2JAA030",1
"2GBX5BA003",1
"2GBX5BA008",1
"2LN1MBC005",1
"2LN2-2B",1
"2LN3YBA001",1
"2MB0007L-GD",1
"2MB0007R-GD",1
"2MG0008L-CK",1
"2MG0008R-GD",1
"2MG0051TL-CH",1
"2MG0051TR-CH",0
"2MG0071L-CH",1
"2MM0009-CH",1
"2MM0014L-CH",0
"2MM0014R-CH",0
"2MM0028L-NI",1
"2SCCT2012-BK",1
"2SCCT2018-BK",1
"2SLG6-SC",0
"2SUX5BA007",1
"2TP0001-BKF",0
"2TRX1AB001",1
"2TRX5AE003",1
"2TRX5AH001",1
"2TRX5BA009",1
"2YSBT0002-CK",1
"32S04270",1
"32S04271",1
"3CP331C50",1
"3CP683M50",0
"3EMB410-C",1
"3EQ1WEQB2B",1
"3PC27C0001",1
"3PS1J3WTC",1
"3PU1C3057",1
"3PU1C4171",1
"3PU1D4712",1
"3PU1HAC2CK",1
"3PU1MC0007",1
"3PU1PA0063",1
"3PU1W4251",1
"3PU27A0017",1
"3PU27C0025",1
"3PU27C0026",1
"3PU3PA0021",1
"3PU3PA0022",1
"3PUCCSM0-WH",1
"3PUCCSN0-WH",1
"3PUDXJK0-FBN",0
"3PUIRDN4-FBB",0
"3PUIRS2-BKN",1
"3PURSM0-FB",1
"3V104SAS01-KL",0
"3VPBP23A",1
"3VR1VM301",1
"4KB1U12C",1
"4KBHT001-BKW",1
"4N4264601RPBK",1
"4N47657R8-PBK",1
"4NT12C0001",1
"4NT1CBL543",1
"4NT1JG5048",1
"4NT27A0001",1
"4NT27A0003",1
"4NT3NA0002",1
"4PG00A0041",1
"4PGG006R-IV",1
"4PGGXSSHR-WBW",1
"4PGQ6SSR-WBW",1
"4PT1CX3B",1
"4PT1PA0011",1
"4SCPT004-BK",0
"4WRHXSET01",1
"5ABP13N",0
"5AEQ26F",1
"5AEQ49F",1
"5AHK01N",1
"5ANT27F",1
"5ANT93E",1
"5APG93EL",1
"5ART02N",0
"5ASD71N",0
"5ATP05N",1
"8JKC3001",1
"MB500LCK-R",1
"MB500PC-E",1
"NECK-SCREWSET",1
"3CAGSCVTR",1
"1B-5AJK17F",1
"1B-5AMH15G",1
"1B-5AMH26B",1
"1B-5AMH36D",1
"2ED2C3-PC",1
"2GBX5BA002",1
"2LE2-12S",1
"2LE2-2B",1
"2LN1MAE001",1
"2LN2YAA001",1
"2MG0028L-CK",1
"2MG0028R-CH",1
"2MG0076L-GD",0
"2MG0076R-GD",0
"2MH1DC1L6C-E",1
"2MH1WG2L6C-E",1
"2MH1YB222C",1
"2MH27A0009",1
"2NJ002-CH",1
"2QCB1H3G",1
"2TL1X43K",1
"3CA210P2R",1
"3CASP5VTL",1
"3CH2085HV",1
"3CH2110HH",1
"3CH4085HV",1
"3CH5090VV",1
"3EQ1MC0002",1
"3JK1J33",1
"3PU1C41AFR",1
"3PU1C4310",1
"3PU1C4411",1
"3PU1MA0010",1
"4JP1UG1C",1
"4KB080002-BK",1
"4KB1C11SN",1
"4KB1C1CW",1
"4KB1C2G",1
"4KB1CF1B",1
"4KB1CF1W",1
"4KB1CF2B",1
"4KB1JF1B",1
"4KB1PC0002",1
"4KB3XA0001",1
"4KB3XA0002",1
"4KBDSPN-CH",1
"4KBFLPW-CK",1
"4KBX5A0001",1
"4MR1C212C",1
"4MR1J212K",1
"4MR1W212K",1
"4PG12A0090",1
"4PT00A0002",0
"4PT1ARP1",1
"4PT1PC0011",1
"4PT1RG1BA",1
"4PT1S5B",1
"4PT3XA0005",1
"4SC3HA0004",1
"4SS1H2C",1
"5AEQ65F",1
"5AJK17F",1
"5AJK19E",1
"5AMH01G",1
"5AMH07N",1
"5AMH15B",1
"5AMH15C",1
"5AMH15G",1
"5AMH17J-L",1
"5AMH17J-R",1
"5AMH23E",1
"5AMH26B",1
"5AMH36D",1
"5AMH51AG-L",1
"5EHSP2T-FF",0
"5EMSKOB",1
"1B-2BBMR5UBPB",1
"1B-5AEQ42F",1
"2BB4ACA026",1
"2BB4ADD002",1
"2BBMR504-BFK",1
"2BBMR5HS-BFK",1
"2BBMR5UBP-BKF",1
"2BGF106-CK",1
"2BGGS36-CK",1
"2BGGS37-BK",1
"2ED2C2K1",1
"2ED2C2K2",1
"2ED2C2K3",1
"2ED2C2P1",1
"2ED2C2P2",1
"2ED2C2P3",1
"2ED2C3",1
"2ED2C5",1
"2GB2JAA026",1
"2LE2-17",1
"2LE2-5S",1
"2LN3YBA023",1
"2MB0007L-CK",1
"2MB0007R-CK",1
"2MG0012S1L-CH",1
"2MG0012T1L-CH",1
"2MG0012TL-CH",1
"2MG5N001L-CH",1
"2MH27C0028",1
"2MM0019TL-CH",0
"2MM0019TR-CH",0
"2QCB1H3C",1
"2SCKI6313-GD",1
"2SUX5BA006",1
"2TR1MBA013-GD",1
"2TR6002R12-GD",1
"2TRX5AD022",1
"2TRX5AE001",1
"2TRX5BA014",1
"2TRX5BA015-PC",0
"2TU4LA0003",1
"32S00840",1
"3BHLJ2905",1
"3CH2085HH",1
"3CP00A0002",1
"3CP223M50",1
"3EMP3BBYA",1
"3EMV5NBP-S",1
"3PU12A0013",1
"3PU1C4061",1
"3PU1C4350",1
"3PU1J158G2",1
"3PU1MC0011",1
"3PU1V7B4C",1
"3PU3PA0008",1
"3PUCES2-GD",1
"3PUDH6A2-FB",0
"3PUGBSB1-GDG",1
"3PUNP4P0-FB",0
"3PUQM7B2-FBN",0
"3PUREP1E3-FB",0
"3SWLDMX10-CK",1
"3SWLDMX8-N",1
"3V504SBSW1-SL",1
"4EP1J3K",1
"4N4132401RPBK",1
"4N4132401RPIV",1
"4N4233601RPBK",1
"4N4864703RPBK",0
"4NT1UG5041",1
"4NT1WG3045",1
"4NT27C0006",1
"4PG2YA0013",1
"4PGG007L-WH",1
"4PGSLM2-WP3",1
"4PT00A0026",0
"5ABP14F",1
"5AEQ42F",1
"5ECREP106-FB",0
"5EM210T",0
"5N4262601RPBK",1
"5PTPA1",1
"5S745M401R-B",1
"8SWC3007",1
"1B-5AJK06B",1
"1B-5AMH18N",1
"1B-5AMH35B",1
"1B-5AMH51B",1
"2BB1HG3G",1
"2BB4ACA027",1
"2BB4ACA030",1
"2ED1R31PC",1
"2LE2-4GS",1
"2LN3YAA005",1
"2MG0028L-CH",1
"2MH1CB222S-L",1
"2MH1CB223S-L",1
"2MH1CG1R6C",1
"2MH1CG2L6P-E",1
"2MH1DC1L6C",1
"2MH1MC0003-L",1
"2MH1SA260-E",1
"2MH1SA260L-E",1
"2MM0032SL-CH",0
"2SA2C22C",1
"2SA2C23C",1
"2SCRI3427-N",0
"2SL2C-2B1",1
"2SL2C-2B2",1
"2SL2C-2B3",1
"2SL2C-2C1",1
"2SL2C-2C2",1
"2SL2C-2C3",1
"2TL1BR43VS",1
"2TP12A0002",1
"2TRX5BD009",1
"2TRX5BD010",1
"3PS00A0003",1
"3PS00A0004",1
"3PU1D4511",1
"3PU1MC0012",1
"3PU1W4250",1
"3SWLDMX9-CK",1
"4EP27A0003",1
"4FW1J215",1
"4KB1C1C",1
"4KB1C5C",1
"4KB3XA0011",1
"4KBDTSW-BK",1
"4MR1C112RB",1
"4MR27A0003",1
"5ABP16F",1
"5AMH18N",1
"5AMH21C-L",1
"5AMH21C-R",1
"5AMH51B",1
"5ASD34T",1
"5EJE5QM-N",1
"5N4864601R-B",1
"MB500PC",1
"1B-5AMH07B",1
"2AC2B252C",1
"2BGGBA6-GD",1
"2GBX5AB008",1
"2LE2-10S",1
"2LE2-18S",1
"2LN2-8",1
"2MB0003R-CK",1
"2MB0004L-CKB",1
"2MB0004R-CKB",1
"2MB0007L-BK",1
"2MB0007R-BK",1
"2MC0013L-CHW",1
"2MC0013R-CHW",1
"2MG0051BL-CH",0
"2MG0051BR-CH",0
"2MG0067EL-NI",0
"2MG0076L-TG",0
"2MG0076R-TG",0
"2MH1CG433G-R",1
"2TRX5AE005",1
"2TRX5AF001",1
"2TU12A0009",1
"3EMB410B-CBL",0
"3EMMNOP",1
"3EMPPR6",0
"3JKO6M001-CH",1
"3MR17100N-BSN",1
"3MR17102S-BSN",1
"3PU1HAC1G",1
"3PU2SA0001",1
"3PUNJ4J0-FB",0
"3PUQM7N4-FBN",1
"3PUQSM0-FW",1
"3SW1MA0005",1
"3VR12A0009",1
"4KB1C2B",1
"4KBDLSN-CH",1
"4KBDSPN-BK",0
"4N3863402RPBK",1
"4N4664601R-B",1
"4NT12A0001",1
"4NT2YC0004",1
"4PG00A0011",1
"4PG12A0007",1
"4PG1H1BK-BTS",1
"4PGRG23WR-FB",1
"5AMH07B",1
"5ANT51T",1
"5EHCR2",1
"5N4364601RPBK",1
"MB1004",1
"1B-5AMH18J",1
"2BX6001R-GD",1
"2ED2C2B1",1
"2ED2C2B2",1
"2ED2C2B3",1
"2ED2C2C2",1
"2ED2C2C3",1
"2ED2C2G2",1
"2ED2C2G3",1
"2LE2-1B",1
"2LN1MAF01L-CK",0
"2LN3YAA006",1
"2LN3YAA025",1
"2MG0014SR-CH",1
"2MH1CG2L6S",1
"2MH1MC0003-R",1
"2MH27C0027",1
"2SCKT3012-N",1
"3CA3T110R-BN",1
"3CA3T210R-BN",1
"3PU1C4064R",1
"3PUQMS2-FBN",1
"3VP31004",1
"4EP1JH2G",1
"4EP1MA0002",0
"4FW1J216",1
"4KB1C11C",1
"4KB1C11K",1
"4KB1C31C",1
"4KB1C3CW",1
"4KB1CF2W",1
"4KB27A0008",1
"4KB3XA0010",1
"4KBDSSW-GD",1
"4MR1C212K",1
"4NT1CG541L",1
"4NT27C0003",1
"4PT3XA0003",1
"4SC1C2V",1
"5AMH18J",1
"5ASD20F",1
"5S724H401L-B",1
"1B-5AJK27F",1
"1NK1PC0099",1
"1NK1PC0100",1
"1NK1PC0104",1
"2BB4ACD001",1
"2MB0003L-CK",1
"2MG0002TR-GD",1
"2MG0018L-CH",0
"2MG0018R-CH",0
"2MG0051R-CH",1
"2MM0033SL-CHB",0
"2MM0033SR-CHB",0
"2MM0044L-CH",1
"2MM0044R-CH",1
"2SCKT3012-BK",1
"2TL2-5S",1
"2TRX5AD027",1
"2TRX5AF003",1
"2TRX5AF006",1
"2TUX5BA003",1
"3BP2BCA",1
"3BP3BBMAL",1
"3BPSN01A1",1
"3CP1J223",1
"3PU1W1002",1
"3PUDXJ5J0-FBN",1
"3PUDXP5P0-FBN",1
"3PUIB2S2-FB",0
"3PUIRB2-WHN",1
"3VR1DW2B01",1
"4EP1MC0002",0
"4EP1MC0003",0
"4FW1J214",1
"4N4233601RPIV",1
"4N5469603RPBK",1
"4NT1CG538L",1
"4NT3NA0003",1
"4PG1PA0002",1
"4PGAZESSHRMBM",1
"4PGAZESSSRMBM",1
"4PGBTMB1-WP3",1
"4PGG011R-BK",1
"4PGGRSSHR-WBW",1
"4SCPLSTDB-BK",1
"4SCPLSTDB-WH",0
"5AMH18J-R",1
"5ANT07N",0
"5N4364601LPIV",0
"5S803M401R-B",1
"1B-2MH12A0002",1
"1B-2MH1CG2L6C",1
"1B-5AMH17J",1
"2BGGBP6W-CHB",1
"2BGGBP6W-GDK",1
"2LE2-3S",1
"2YNSB154M-BK",1
"2ZRT1RN7K2",1
"4FW1J213",1
"4TH2JA0005",1
"5AMH17J",1
"5N4364603RBBK",1
"5N5064701RBBK",1
"5ANT72E",1
"1B-2MG0002TLB",1
"1B-2MG0002TRB",1
"1B-5AMH58U",1
"1NK1PC0084",1
"2AC2B202K",1
"2BB4ADA019",1
"2ED1C31B",1
"2L48001R-CH",1
"2MC0014L-GDP",1
"2MC0014R-GDP",1
"2MG0013L-GD",1
"2MG0058L-CH",1
"2MG0058R-CH",1
"2MM0029L-NIV",1
"2MM0029R-NIV",1
"2SPPH3026-N",1
"2TL1H43K",1
"2YSBTSTD16-TG",0
"3BP3BPA",0
"3EMB410B-SBL",0
"3PUGBSN1-GDG",0
"4KB1C11G",1
"4KBDLPN-GD",1
"4KBDLSW-CK",1
"4KBDSSW-CK",1
"4N4353602RPIV",0
"5APU23F",1
"5EJB5X",1
"5N4262601LPIV",0
"5S743M201LPIV",0
"2BB4ADA011",1
"2BGGBP6W-GDB",0
"2MH12A0003-R",1
"2NJ002-CK",1
"2SCKT3525-BK",1
"2TRX5AE006",1
"2YNSB154S-BK",1
"3PU1MC0017",1
"4KB1C3K",1
"4KB27A0009",1
"4KBDBSW-BK",1
"4PGX010R-BTS",1
"4PT3XA0004",1
"4SC1J1B",1
"5ASD19F",1
"4N4363601RPBK",1
"1NK1PC0303WNF",1
"2LE1K731B",1
"2MG0002SR-GD",0
"2MG0075S1L-GD",1
"3BP3BBMA",0
"3EMVP1SP-SB",1
"3PUMTB4-CH",1
"3PUQMN4-FWN",0
"4NT3NA0001",1
"5APU43F",1
"MB500V",1
"2MH1CG433G-L",1
"2SC1P0001-N",1
"2TRX5AF007",1
"2TRX5AF009",1
"3VR1C500DS",1
"1B-5AMH06N",1
"2LE2-7-1S",1
"3PU1HB15B",1
"3PU1HB15F",1
"5AMH06N",1
"2BGGS38-CK",1
"5ABB14F",1
"5AMH16J-R",1
"5APU04B",1
"3SWN3N001-N",1
"5EJ3Q-CH",1
"2MG0020R-CH",1
"1B-5AMH21B",1
"5AMH21B",1
"2TR1MBA015-GD",1
"3EMP21LDP",1
"1B-5AMH23B",1
"5AMH04E",1
"5AMH23B",1
"2ED2C2G1",1
"1B-5AMH15E",1
"5AMH15E",1
"4SC1H1B",1
"2TR1MBA017",1
"2TR1MBA018",1
"2TR1MBA016",1
