Product Code,Availability
MEINL-CAP-01,1
MUG-MEI,1
S77-XXL,1
M-HOODIE-L,1
M-HOODIE-M,1
M-HOODIE-S,1
M-HOODIE-XL,1
M-HOODIE-XXL,1
M28P-S,1
PER-CATALOG25,1
PER-CATALOG26,0
S77-S,1
S77-XL,1
BACON,1
CLAMP,1
HAM1BK,1
M-CAP-TRUCKER,1
M125-XXL,1
M94-L,1
M94-M,1
M94-S,1
M94-XL,1
MC-R4,1
MCA,1
MCCL,1
MCP,1
MCPR,1
MEI-CUP,1
MHS-WH,1
MIC-PERC,1
TMBX,1
TMPWS,0
CM2,1
CMS,1
MC-CY,1
MC-MR1-S,1
MC-TRI,1
CONGA-SAVER10,1
1B-MC-SH,1
1B-TBRS-R,1
1B-TMTS,1
BBB2,1
BE1R,0
BR1,1
CAJ-BLK,1
CAJ-PAD,1
CAX1,1
CAX2,1
CAX3,1
CLAMP-TRI,1
DDG-MP,1
DDG-STAND,1
FD12BE,1
FD12BE-TF,1
FD22T,0
FDT1,1
FDT2,1
FDT3,1
FDT4,1
FDT5,1
FS-BK,1
GU9,1
JT-S-BK,1
KO1AM,1
M28P-L-WOMAN,1
M28P-M-WOMAN,1
M28P-S-WOMAN,1
M28P-XL-WOMAN,1
M28P-XXLWOMAN,1
MBS24B,1
MBS30B,0
MC-CA,1
MC-GU,1
MC-R1,1
MC-R5,1
MC-SH,1
MC-TH,1
MCC22,1
MCD-14,1
MCD-22,1
MDG-L,1
MDG-M,1
MDG-XL,1
MLH,1
MPMGR,1
MPMH,1
MPMM,1
MPMS,1
MPTP,1
MSTCJB-BP,1
PA-CAJ,1
PBASSBOX,0
PBASSCAJ,1
PM-1,1
PMC-6,1
PRORS1-XL,1
PSNAREBOX,1
RC1BK,1
RIMCLAMP,1
RIMCLAMP-2,1
SB506,1
SBB1,1
SCOVER,1
SH-R,0
SHK,0
SHR-BR,1
SW-1,1
TBRS-BK,1
TBRS-R,1
TCAJ1BK,1
THBM,1
TINGSHA,0
TMDDGS,1
TMMA,1
TMOR,1
TMPS,1
TMT,1
TMTH,1
TMTS,1
CONGA-SAVER8,1
FD14BE,1
FD18T-D,1
G-HANDLE,1
M-CYMBAG-22,1
M-CYMBAG-23,1
M-CYMBAG-24,1
M-CYMBAG-6,1
M73-M,1
M73-S,1
MC-MR1,1
MC-R2,1
MCCK-MCCL,1
MSB-1,1
MSTCOB,1
MTREB,1
SH12-L-BK,1
TMHCS,1
1B-HMC-1,1
1B-STDJST-BK,1
1B-TMPC,1
1B-TRECAJ2EBM,1
BI1NT,1
BPP-1,1
BR2,1
BR3,1
BR5,1
CA7BR,1
CAJ-SPI,1
CFC-BK,1
CFJS2S-BK,1
CFT5-BK,1
CHS,1
CL5HW,1
COW5,1
CY-RIVET-BR,1
CYM-CATALOG25,1
CYM-CATALOG26,unknown
DCS,1
DDCHA,0
DDG1-BK,1
DDG1-BR,1
DDG1-R,1
DJTH,1
FC1,1
FC2,1
FCA5-L,1
FD12T-D,1
FD14IBO,1
FD14T-D,1
FD16BE,1
FD16SD,1
FD16T,1
FD18BO,1
FD18SD-TF,1
FD18T,1
FD20SD,1
FD20T,1
FD22SD,1
FJS1A-BK,1
FJS1S-BK,1
FMG,1
FROG-L,1
FROG-M,1
FSA1,1
FX20,1
FX5,1
GA2,1
GU1AM,1
GU7BK,1
HBAC,1
HC1,1
HCS-SCS1,1
HCS10S,1
HCS12CH,1
HCS12S,0
HCS13H,1
HCS14C,1
HCS14CH,1
HCS14H,1
HCS15H,1
HCS16C,1
HCS16CH,1
HCS18C,1
HCS18CH,1
HCS20R,1
HCS22R,1
HCS8B,1
HCS8S,0
HMC-1,1
HPR,0
HPS,1
M-CAP-FFBASEK,1
M-CAP-FFBASEY,1
M-CAP-LOWPROF,0
M-TUBELANYARD,unknown
MBB,1
MC-CH,1
MC-CHL,1
MC-CY1,1
MC-CY2,1
MC-DSH,1
MC-DSH-JB,unknown
MC-FDH,1
MCB22,1
MCB22-BP,1
MCB24,1
MCC22-TR,1
MCH-CH,1
MCH-G,1
MCHB,1
MCJB,1
MCM-14,1
MCM-16,1
MCM-18,1
MCM-20,0
MCPB,1
MCPM,1
MCPP,1
MCR-BK,1
MCSB,1
MCT,0
MDAB,1
MDEA,1
MDGFL-L,1
MDGFL-M,1
MDGFL-XL,1
MDJS2,1
MDLXCJB,1
MDLXSB,1
MDM-10,1
MDM-12,1
MDM-13,1
MDM-14,1
MDM-16,1
MDM-18,1
MDTK,1
MGB,1
MGP,1
MGS1,1
MGS2,1
MGU1,1
MGU3,1
MGUS1,1
MHPC,1
MKPM,1
MPCC-L,1
MPCC-M,1
MPIC-10,1
MPIC-15,1
MPIC-20,1
MPIC-30,1
MPIC-5,1
MPMCC,1
MPP-12,1
MPP-6,1
MPPS,1
MPS1,1
MPTHS,1
MQSM,1
MSM2,1
MSM3,1
MSM4,1
MSSB,1
MSTCJB,1
MSTDAB,1
MSTDJB,1
MSTDOB,1
MTA1SNT-M,1
MTB,1
MWBH1,1
NI1AM,1
PBASSCAJ-KIT,0
PHTA,1
PL-SET,1
PM1BK,1
PM2BG,1
PM2BK,1
PM3BK,1
PP-2,1
RC2-L,1
RC2-M,1
RIMCLAMP-M,1
RO3BK,1
SB-CATALOG25,unknown
SB-R,1
SB142,1
SB205,1
SB502,1
SB504,1
SB507,1
SB512,1
SB513,1
SBB,1
SBCH,1
SBH,1
SH10-L-BK,0
SH10-M-BK,1
SH12-M-BK,1
SH20BK,1
SH21BK,1
SH23,1
SH25-L-S,1
SH3BK,1
SH7-L-BK,1
SKB,1
SKCH,1
SPARE-142,1
SPB,1
SPCH,1
SST1-L,1
SST1-R,1
SST1-S,1
SST3,0
STB1,1
STB2,1
STB3,1
STB4,1
STB5,1
STDJST-BK,1
THBS,1
THBS-BK,1
TINGSHA-OR,1
TMB,1
TMBP,0
TMC-CH,1
TMCAJ,1
TMCH,1
TMCP-2,1
TMD,1
TMDDG,0
TMPBP,1
TMPC,0
TMPMC,1
TMPT,1
TMSCS,1
TRI10B,1
TRI15B,1
TRI20B,1
VR-CSH,1
WA1NT,1
WA7BK,1
WC1-M,1
WSS1BK,0
B10VS,1
FJS2S-BK,1
GU7BR,1
HSH,1
HTA,1
JD-BRACKET,1
MA-B10-16M,1
MC-CYS,1
MC-CYS8,1
MC-CYS8-S,1
MC-MR2,1
MC-R3,1
MCOB-11,1
MDJB-L,1
MDJB-M,1
MDJB-S,1
MDLXCJB-L,1
MWB1BK,1
MWB2BK,1
S75-S,1
S77-L,1
S77-M,1
SB307,1
SB505,1
TMGWM,1
WJC1-M,0
1B-AE-FD22T-D,1
1B-BASSBOX,1
1B-BCA1SNT-M,1
1B-CA12,1
1B-FD14BE-TF,1
1B-FD18T-D-TF,1
1B-FD20D-TF,1
1B-KDC1NT,1
1B-MC-PTS,1
1B-MCOB-11,1
1B-MDOB,1
1B-TOPCAJ2WN,1
1B-VR-CAIXB,1
1B-VR-CAIXN,1
AE-FD14T,0
AE-FD14T-D,0
AE-FD18T,1
AE-FD18T-D,0
AE-FD22T,1
AE-FD22T-D,1
B10DAS,1
B10DUS,1
B10JS,1
B10S,1
B10S-B,1
B12S,1
B13DAH,1
B14CH,1
B14CH-B,1
B14DAH,1
B14DUH,1
B15182021,1
B15DAH,1
B15DUH,1
B16CH,1
B16CH-B,0
B16DAC,1
B16DUC,1
B16DUCH,1
B16VC,1
B17DAC,1
B18CH,1
B18CH-B,1
B18DAC,1
B18DUC,0
B18DUCH,1
B18VC,1
B19DUC,1
B20CH,1
B20CH-B,1
B20DAC,1
B20DAR,1
B20DUCH,1
B20VC,1
B21DAR,1
B22CH,1
B22DAR,1
B22VC,1
B6S,1
B6S-B,1
B8DAS,1
B8S,1
B8S-B,1
BASSBOX,1
BBP14,1
BCA1SNT-M,1
BCA2NT/EBK-M,1
BCOB,1
BG-TS,1
BI2NT,1
BI7RY,0
BMAT1,1
BMAT3,1
BMAT4,0
BT14,1
BT27,1
CA12,1
CA14,1
CA5BK,1
CA5BK-L,1
CA5BK-S,1
CB4,1
CCS,1
CH27WB,1
CH33HF,1
CH66HF,1
CL18,1
CL1HW,1
CL2HW,1
CL2RW,1
CL4IW,1
COW1,1
CPB5,1
CPTS,1
CSM-M,1
CST,1
CTT,1
DCS-R,1
DO1,1
ES2-B,1
ES2-BK,1
ES2-GREEN,1
ES2-R,1
ES2-Y,1
FACE-H,1
FACE-L,1
FD12T-D-TF,1
FD12TAM,0
FD14BE-TF,1
FD14T-D-TF,1
FD16BE-TF,0
FD16T-TF,1
FD18T-D-TF,0
FD18T-TF,1
FD20D-TF,1
FD20T-TF,1
FD22T-TF,1
FD7KA,1
FR1B,1
FR1K,1
FR1NT,1
FR1P,1
GALAXY,1
HCG89NT,1
HCS-CS1,1
HCS-CS2,1
HCS-SCS,1
HCS12TRS,0
HCS14SWH,1
HCS14TRS,1
HCS16TRC,1
HCS16TRS,1
HCS18CR,1
HCS18TRC,1
HCS20CR,0
HCSB13H,1
HCSB15H,1
HD10AB,1
HD12AB,1
HD14AB,0
HD16AB,1
HD18WB,1
HD20WB,1
HDSTAND,1
HE-104,0
HPS-S,1
HPWS,1
JD-LUG,1
JD10BW,1
JD10SI,1
JD12BW,1
JD12SI,1
JD14BW,1
JD14SI,1
JRD-B,1
JRD-BK,1
JRD-G,1
JRD-O,1
JRD-R,1
JRD-SI,1
JRD-Y,1
JS88BK,unknown
KDC1NT,1
KP-JT-BK,1
KP-ST-BK,1
KRS-BK,0
KRT-BK,1
KRT-R,1
M-CAP-FFBASEL,1
M-CAP-FFBASES,1
M-PHONECORD,1
MA-B12-16M,1
MA-B12-18M,1
MA-BR-13M,1
MA-BR-14M,0
MA-BR-16M,1
MA-BR-18M,0
MA-BZ-14M,1
MA-BZ-16M,1
MA-BZ-18M,1
MC-1,1
MC-2,0
MC-4,1
MC-BD,1
MC-MRBD,1
MC-PT,1
MC-PTS,1
MC-PTXS,1
MC-R1-H,0
MC-R2-H,0
MC-SHTA,1
MC-STBD,1
MC-STFDH,1
MC100NT,0
MCCK-MCP,1
MCJB-L,1
MCS1-BK,1
MDDGB,1
MDDGB-PRO,1
MDFS,1
MDH,1
MDJS1SI,1
MDOB,1
MDOB-L,1
MDPPA,1
MDT13CH,1
MFDB-18BO,1
MGB-L,1
MGB-S,1
MGU4,1
MHPB-L,1
MHPB-M,1
MKPP-4,1
MLLTS,1
MPAB-10,1
MPAB-12,1
MPDC1,1
MPE3BK,1
MPE4BK,1
MPE4R,1
MPMCS,1
MPP-12-BK,1
MPP-12-JB,1
MPP-6-BK,1
MPSB,1
MPSCAJ,0
MQW-10,1
MQW-6,1
MQW-7,1
MRCN5,1
MS-BK,1
MSM3CO,1
MSM3CU,1
MSM3MX,1
MSTCB22,1
MSTJCJB,1
MSTTB,1
MTAB-06,1
MTOPCJB,1
MWBHC,0
MWM1MC,1
MWM2AM,1
MXHA,1
MYO-CAJ,1
P-HCS14H,1
P-HCS16C,1
P-HCS18C,1
P-HCS20R,1
PA10S,1
PA12S,1
PA18CH,1
PA8S,0
PCA5BK-XS,1
PCRC1BK,1
PEMBK,1
PM-2,1
PMC-1,1
PMWB1-L,1
PMWB1-M,1
PROFDDG1-BK,1
PROSDDG1-BK,1
PTOPCAJ4MH-M,1
QW10,1
QW6,1
RS1BK-L,1
RS1BK-S,1
RS1BK-XL,1
RS1BK-XXL,1
RS1R-M,1
SB-RM,1
SB-RM-LE,1
SB1,1
SB100,1
SB101,1
SB102,1
SB105,1
SB106,1
SB107,1
SB108,1
SB109,1
SB110,1
SB113,1
SB114,1
SB115,1
SB116,1
SB129,1
SB130,0
SB131,1
SB132,1
SB133,1
SB134,1
SB135,1
SB136,1
SB137,1
SB138,1
SB139,1
SB140,1
SB141,1
SB143,1
SB144,1
SB2,1
SB207,1
SB3,1
SB300,1
SB301,1
SB303,1
SB304,1
SB305,1
SB306,1
SB309,1
SB4,1
SB401,1
SB402,1
SB5,1
SB508,1
SB509,1
SB511,1
SB607,1
SBC,1
SBHA,1
SBPO,1
SBR,1
SBRL,1
SBRS,1
SDDG1-BK,1
SEPU,1
SH16,1
SH17,1
SH18,1
SH51,1
SH53-M,0
SH53-S,1
SH56,1
SH58,1
SH59,1
SH888BK,1
SH88BK,1
SH8BK,1
SH9-L-S,1
SKH,1
SKRL,1
SKRS,1
SLB12,1
SLB25,1
SLB7,1
SNAREBOX,0
SPGRS,1
SPH,1
SPRL,1
SPRS,1
SRS1R-L,1
SST3-S,0
SST6,1
ST-DJEMBE,1
TBLH6BK,1
TDL,0
TDS,0
THG16,1
THG18,1
THG20,1
THG22,1
TI12SI,1
TIM14SI,1
TMCAJ-S,1
TMCHBK,0
TMCTK,1
TMID,1
TMPDS,1
TMSTB,1
TMSTCP,1
TMWTB,0
TOPCAJ2WN,1
TU10SI,1
TU12SI,1
TU14SI,1
VR-CAIX,1
VR-CAIXB,1
VR-CAIXN,1
VR-CAJ2GO,1
VR-CSETB,1
VR-TA2-ROM,1
VR-XCAJB,1
WA2NT,1
WCPCAJSET1,1
WW2BK,1
B13FH,1
B14FH,1
B14MH-B,1
MC-MR3,1
MC-TR1,1
MC-TR2,1
MPM2,1
MPM3,1
MPM4,1
MSTTCAJB,1
SB500,1
SB501,1
ST-HEBK,1
ST-HEG,1
VR-C115-SH,1
VR-C95-SH,1
1B-CAS,1
1B-FCR1212BK,1
ATD-L,1
ATD-M,1
B-S,1
B10EDS,1
B10MH,1
B10POS,1
B10POS-B,1
B10TRS,1
B12EDS,1
B13JTH,1
B13MH,1
B13SH,1
B13SH-B,1
B14DUMUTR,1
B14FRH,1
B14HH,1
B14JTH,1
B14MH,0
B14SH,1
B14SH-B,1
B14TC,1
B14TC-B,1
B14TH,1
B14TRH,1
B14VPH,1
B15FRH,1
B15JTH,1
B15MH,1
B15POH,1
B15POH-B,1
B15TC,1
B15TC-B,1
B15VPH,1
B1618ED,1
B16DUTRC,1
B16EDCH,1
B16FRH,1
B16JTC,1
B16MC,1
B16MC-B,1
B16MH,1
B16TC,1
B16TC-B,1
B16TRC,1
B16TRC-B,1
B16TTRC,1
B16VPH,1
B17JTC,1
B17TC,1
B17TC-B,1
B18DATRC,1
B18DATRCH,1
B18DUTRC,0
B18DUTRCH,1
B18EDCH,1
B18FRC,1
B18JTC,1
B18MC,1
B18MC-B,1
B18POC,1
B18POC-B,1
B18TC,0
B18TC-B,1
B18TRC,1
B18TRC-B,1
B18TRCH,1
B18TRCH-B,1
B18TTRC,1
B18VPC,1
B19FRC,1
B19POC,1
B20DATRC,1
B20DUCR,0
B20DUTRC,1
B20DUTRCH,1
B20EDCH,1
B20FRC,1
B20FRR,1
B20HR,1
B20HR-B,1
B20JCR,1
B20JTC,1
B20JTR,1
B20MC,1
B20MC-B,1
B20MR,1
B20MR-B,0
B20POC,1
B20POC-B,1
B20POR,1
B20TRC,1
B20TRCH,1
B20TRR,1
B20VPC,1
B20VPR,1
B21MR,1
B21MR-B,1
B21POR,1
B21SR-B,1
B22DUCR,1
B22FRR,1
B22HR,1
B22JCHR,1
B22JCR,1
B22JTR,1
B22MC,1
B22MOR,1
B22MR,1
B22MR-B,1
B22POR,1
B22POR-B,0
B22SR,1
B22TRR,1
B22VPR,1
B23HR,1
B24FRR,1
B24MR,1
BB-CS1,1
BBB1,1
BBTA1-BK,1
BBTA2-BK,1
BDU-CS1,1
BDU-CS2,1
BI5,1
BMIX1,1
BMIX2,1
BMIX6,1
BOWL,0
BT-CS1,1
BT-CS2,1
CA12T,1
CAS,1
CC10DAS,1
CC10DUS,1
CC10S-B,1
CC12DAS,1
CC12S-B,1
CC13DAH,1
CC14DAH,1
CC14DUH,1
CC15DAH,1
CC15DUH,1
CC16CH-B,1
CC16DAC,1
CC16DUC,1
CC17DAC,0
CC18CH-B,0
CC18DAC,1
CC18DACH,1
CC18DUC,1
CC18DUCH,1
CC19DAC,1
CC19DUC,1
CC20DAC,1
CC20DAR,1
CC20DUC,1
CC20DUR,0
CC21DAC,1
CC22DAR,1
CC22DUR,1
CC24DAR,1
CC8B-B,1
CC8DAS,1
CC8S-B,1
CCAB,1
CCAB-S,1
CCD-CS3,1
CCD-ES1,1
CH12,1
CH27,1
CH3,1
CL1RW,1
COW1BK,1
COW2,1
CPB3,1
CPB4,1
CR-BAR,1
CRC1BK,1
CRING,1
CTA2B-BK,1
CTA2M-BK,1
CTA2S-BK,1
CTA2VM-WB,1
CTA2WB,1
DCAP-L,1
DCAP-M,1
DDD18,0
DJW3NT,1
ES-BOX,0
ES-SET,1
ES-SET-2,1
ES-SET24-BK,1
FC11BK,1
FCR11BK,0
FCR1212BK,0
FL10NT,0
FL11NT,0
FL12NT,1
FL13NT,0
FSA4,1
GX-14FCH,1
HCS16TRCH,0
HCS18BBR,1
HCS18TRCH,1
HCS8H,1
HD10AB-TF,0
HD12AB-TF,1
HD14AB-TF,0
HD16AB-TF,1
HD18AB-TF,1
HD20AB-TF,1
HEAD-146,1
HPC,1
HPP,1
HPWS2,0
HTOPCAJ3NT,1
ID9BK/WH,0
IG22,1
JBCAJBK-MA,1
JRD-KQ,1
JRD-PS,1
JRD-TA,1
KA17LV,1
KA17SU,1
M35-L,1
M35-XL,1
MA-AR-16,0
MA-AR-16DA,1
MA-AR-18,1
MA-AR-18DA,1
MBKT,1
MC100WR,1
MCB22CR,0
MCC22R,1
MCJPC,1
MCM1,1
MCM2,1
MCM3,1
MCM4,1
MCS2-BK,1
MCSBBK,1
MCSBGY,1
MDHS,1
MDJB-XL,1
MDJS1KA,1
MDJS1KQ,1
MDJS1PS,1
MDSP12GY,1
MDSP6GY,1
MDST10BK,1
MDST6BK,1
MDST8BK,1
MFDB-14,1
MFDB-14IBO,1
MFDB-16,1
MFDB-18,1
MFDB-20,1
MFDB-22,1
MGM-L-C,1
MGM-L-L,1
MGM-L-R,1
MGM-M-C,1
MGM-M-L,1
MGM-M-R,1
MGM-S-C,1
MGM-S-L,1
MGM-S-R,1
MHTOPCJB,1
MIB-L,1
MIB-M,1
MIB-S,1
MIT810CH,1
MJ401+18,1
MKMP4BK,1
MKPP4BK,1
MMCS,1
MMP12BK,1
MMP12OR,1
MMP4BK,1
MMP4OR,1
MMP6BK,1
MMP6OR,1
MP11NT,1
MPCSS,1
MPE5NG,1
MPICS1,1
MPJS,1
MPM5,1
MPMDS,1
MSBCB,1
MSBCR,1
MSS,1
MSTDJB10,1
MSTDJB12,1
MVHSBK,1
MXBOX16,1
MXH,1
MYO-BCAJ,1
MYO-CAJ-OV,1
MYO-TOOLS,1
OG-12,1
PA-CS1,1
PA-CS2,0
PA10AB-M,1
PA10ABS-BK,0
PA10CN-M,1
PA10PW-M,1
PA12CN-M,1
PA12TRCH,0
PA14MH,1
PA14SWH,1
PA15MH,1
PA15SWH,1
PA16MC,1
PA16TC,1
PA17MC,1
PA18MC,1
PA18TC,1
PA18TRCH,1
PA19MC,1
PA20MC,1
PA20MR,1
PA20TC,1
PA20TR,1
PA22MC,1
PA22MR,1
PA22TR,1
PA24MR,unknown
PAC10S,0
PAC12S,1
PAC14161820,1
PAC14MTH,0
PAC8S,1
PADJ5-L-F,1
PADJ5-M-F,1
PAV10AB-M-TF,1
PKA17AW,1
PROADJ5-L,0
PROADJ5-M,0
PRORM1NT,0
PTOPCAJ2WN,1
PWC100B,1
RB85,1
REB1218AB-M,1
RM1OAK,1
RM2OAK,0
RM3OAK,1
RS2M,1
RS2XL,0
SB-PDM-F/R-S,1
SB-PM-HFL-L,1
SB-PM-HFS-S,1
SB-RM-LE-L,1
SB1-2,1
SB103,1
SB104,1
SB117,1
SB118,1
SB119,1
SB120,1
SB121,1
SB127,1
SB200,1
SB201,1
SB202,1
SB203,1
SB208,1
SB209,1
SB3-D,1
SB302,1
SB310,1
SB311,1
SB400,1
SB503,1
SB600,1
SB601,1
SB603,1
SB606,1
SB608,1
SB610,1
SB613,1
SB614,1
SB618,1
SB620,1
SB621,1
SB622,1
SGSP22,1
SH26-L-L,1
SH26-L-S,1
SH45GR,1
SH4BK,1
SH4CS,1
SH4WH,0
SH50,0
SH5R,1
SH60,1
SKMHC,0
ST1415,1
STB6,1
STB7,1
STB8,1
STBR06ABS-BK,1
STDB,1
SUBCAJ5WN,1
SY-14SUS,1
SY-16H,1
SY-16M,1
SY-16T,1
SY-17SUS,1
SY-18H,1
SY-18M,1
SY-18SUS,1
SY-18T,1
SY-20H,1
SY-20M,0
SY-20SUS,1
SY-20T,1
SY-22H,1
SY-22M,1
SY-22SUS,1
SY-22T,1
TA1A-AB,1
TA1AB,1
TA1B-AB,1
TA1M-SNT,1
TA1V-WB,1
TA1VM-WB,1
TA1WB,1
TA2A-AB,1
TA2AB,1
TA2B-AB,1
TA2M-SNT,1
TA2V-WB,1
TA2VM-WB,1
TA2WB,0
TAN1428AB-M,1
TBR06ABS-BK,1
TBR06ABS-GR,0
TBR06ABS-R,1
TBR06ABS-Y,1
TBR06ALU,1
TCH27RP,1
TFCB,1
TG-13,1
TG-14,1
THBS-S-BK,1
THH1B-BK,1
THH1BK,1
TIM1428NT,1
TMDS,1
TMGS-3-G,1
TMPTS,1
TMWB-L,1
TMWB-S,1
TRIL,1
TTOPCAJ1,0
VE16-MDH,1
VR-CPO8-NH,1
VR-CPO8-SH,1
VR-CPO95-NH,1
VR-POH12-SH,0
VR-SDSETB,1
WA5,1
WG-12,1
WG-145,1
WG-TT12,1
WG-TT14,1
WG-TT16,1
WG-TT18,1
WG-TT44,1
WG-TT48,1
HCS1314+10S,0
B-M,1
B18TRLC,1
BD14WB-NH,1
BD16WB-NH,1
BD18WB-NH,1
CC18MC-B,1
CR-CLAMP2,1
DD1BK,1
EC-CH,1
EC-E,1
EC-J,1
EC-MA,1
EC-ME,1
EC-N,1
EC-S,0
EC-SA,1
EC-SE,1
EC-U,1
EC-V,1
HCAJ100NT,1
HD16WB,1
HP-CW,1
KRS-GR,1
LCS-GR,1
MBKB,1
MC-R3-H,0
MC-TR3,1
MC1B,1
MC1HA,0
MCOB-1134,1
MCOB-1212,1
MPM1,1
PAC15MTH,1
RD14WB,1
RD16WB,1
RD18WB,1
RD20WB,1
RD22WB,1
SBSHM,1
SD15LB,1
SGMP22,1
SGSOLS22,1
ST-HECH,1
STICKER-DINA4,1
TF-DISPLAY,1
TF-ER,1
TF-HOLDER-7,1
TF-M-L,1
TFC-8,1
TMGS-2-G,1
TMGS-DS,1
TMT2B-BK,1
VR-BD10-SH,1
VR-C8-NH,1
VR-SDJ14-NH,1
1B-KL1704S,1
1B-WCO11VBR-M,1
1B-WCO1212VRM,1
ADJ2-L+BAG,1
ADJ2-M+BAG,1
ADJ3-L+BAG,1
ADJ3-M+BAG,1
AE-DJTC2-L,1
B13EDMH,1
B14EDMH,1
B14EHH,1
B14HHH-B,1
B15BADAH,1
B15EHH,1
B1618DU,1
B16EDTC,1
B16JETC,1
B16JMTC,1
B16MTC,1
B16MTC-B,1
B17EDTC,1
B17JETC,1
B17JMTC,1
B17MTC,1
B17MTC-B,1
B18EDTC,1
B18EDTRC,1
B18HHC-B,1
B18HHCH-B,1
B18JETC,1
B18JMTC,1
B18MTC,1
B18MTC-B,1
B18VPTRC,1
B19EDTC,1
B19MTC,1
B19MTC-B,1
B20BADAR,1
B20EDMR,1
B20EDTC,1
B20EDTR,1
B20EHR,1
B20FRLR,1
B20HHC-B,1
B20HHCH-B,1
B20JBAR,1
B20JETR,1
B20JMTC,1
B20JMTR,1
B20RBR,1
B20SATC,1
B20VPLR,1
B21FRFR,1
B22BADAR,1
B22EDMR,1
B22EDTR,1
B22EHR,1
B22FRCHR,1
B22FRLR,1
B22HHC-B,1
B22HHR-B,1
B22JBAR,1
B22JMTR,1
B22RBR,1
B22TRLR,1
B22VPLR,1
B24BADAR,1
B24EHR,1
B24FRLR,1
B24PMR-B,1
BA1BK,0
BA2BK,0
BA3BK,0
BED-CS1,1
BWC11,1
CAJ-DRUMSET,1
CC-12DASTK,0
CC-12STK,1
CC-16DASTK,1
CC-16STK,1
CC-18DASTK,1
CC-CS1,1
CC10DATRS,1
CC10EMS-B,1
CC12DATRS,1
CC12DUTRS,0
CC12TRS-B,1
CC14DATRC,1
CC14EMH-B,1
CC14HDAH,1
CC14MC-B,1
CC14MH-B,1
CC14PH-B,1
CC15MC-B,1
CC15MH-B,1
CC16DATRC,1
CC16DATRCH,1
CC16DUTRC,1
CC16DUTRCH,0
CC16EMC-B,1
CC16EMCH-B,1
CC16HDAC,1
CC16MC-B,1
CC16PC-B,1
CC16TC-B,1
CC16TDAC,1
CC16TRC-B,1
CC16TRCH-B,1
CC17EMC-B,1
CC17MC-B,1
CC18DATRC,1
CC18DATRCH,1
CC18DUTRC,1
CC18EMC-B,1
CC18EMCH-B,1
CC18HDAC,1
CC18HDACH,1
CC18PC-B,1
CC18TC-B,1
CC18TDAC,1
CC18TRC-B,1
CC18TRCH-B,1
CC19EMC-B,1
CC20EMR-B,1
CC20HDAR,1
CC20MR-B,1
CC20PR-B,1
CC22DACR,1
CC22PR-B,1
CC4680-TRB,1
CCD-CS1,1
CCD-CS2,1
CCD-CS4,1
CCDU-CS1,1
CH-HPEG,1
CH27ST,1
CH33VWB,1
CL3HW,1
CPB1,1
CPB2,1
CRASHER,1
CRASHER-M,1
CSBM,1
CSBRL,1
CSBRM,1
CSP,1
DCAP-XL,1
DCRING,1
DMYO-CAJ-BU,0
EC-PL,1
ECC-8,1
ESET-3,unknown
ESET-8,1
FICY-14,0
FICY-2,1
FL12BB,1
GC-32,1
HCAJ3LJ,1
HCS024SM,0
HD16WB-VF,1
HD18WB-WH,1
HDJ8-XXS,1
HE-100,0
HE-101,0
HE-102,0
HE-103,0
HE-114,0
HE-3000,0
HEAD-JD10SI,1
HJS1BK,1
HJS1R,1
HPCS,1
HT1314CH,0
HTHHBG,1
ID3GO,0
ID4BKO,0
JD10SI-DH,1
JD14SI-DH,1
KA17CR,1
KL1008H,0
KL1009H,0
KL1702S,0
KL1703S,1
KL1704S,1
KL801S,1
KL8MINI,1
M36-L,1
M36-M,1
M36-S,1
M36-XL,1
M92-BK-L-GIRL,1
M92-BK-M-GIRL,1
M92-BK-S-GIRL,1
MBDMP4BK,1
MC100VWB,1
MC1AB,1
MC1BW,1
MCA-12T,1
MCA-14,1
MCAJ100BK-MA,1
MCB22CB,1
MCC11NT,1
MCC22R-TR,1
MCCB22BK,1
MCCB22GY,1
MCM-141620,1
MCSBMO,1
MDPP,1
MDR-BK,1
MDRL-BK,1
MDRS-BK,1
MGM-L-PG,1
MGM-L-SP,1
MGM-L-ST,1
MGM-M-PG,1
MGM-M-SP,1
MGM-M-ST,1
MGM-S-PG,1
MGM-S-SP,1
MGM-S-ST,1
MGM1,1
MGM2,1
MMC1,0
MMP12SF,1
MMP4SF,1
MMP6SF,1
MP11BB,1
MPP-12-BG,1
MPP-12-TL,1
MPP-6-BG,1
MPP-6-TL,1
MREB-10,1
MREB-12,1
MREBB-12,1
MSUB-16,1
MSUB-18,1
MSUB-20,1
MSUB-22,1
MT1415B,1
MTANB-14,1
MTCR11WR,1
MTIMB-1428,1
MTIMB-1435,0
MVHC22BK,1
MVHSDB,1
MVHSLB,1
MWSBK,1
MWSGR,1
MWSKH,1
PA10EHS,1
PA14EHH,1
PA15EHH,1
PA16EHC,1
PA18EHC,1
PA18EHCH,1
PA20EHC,0
PA20EHR,1
PA22EHR,1
PAC-12STK,1
PAC-CS1,1
PAC-CS2,1
PAC12TRCH,1
PAC12TRS,1
PAC16MC,1
PAC16TRC,1
PAC18MC,1
PAC18TRCH,1
PAC20TRC,1
PADJ12-BW,1
PADJ4-L-G,1
PADJ4-M-G,1
PADJ6-L-F,1
PADJ6-M-F,1
PAS10PW-NH,0
PFICY-2,1
PJC50B,0
PP-1,1
PROADJ3-XXL,1
PSC100B,1
PSC100NT,1
PWCP100MB,1
RE10,1
RE12,1
RS1BK-M/L,1
S11PBK,1
SB-C-1000,1
SB-C-1500,1
SB-C-2000,1
SB-C-250,1
SB-C-650,1
SB-C-800,1
SB-G-10000,1
SB-G-11000,0
SB-G-12000,0
SB-G-13000,1
SB-G-14000,0
SB-G-15000,0
SB-G-5000,0
SB-G-6000,0
SB-G-9000,1
SB-M-LT-L,1
SB-M-LT-S,1
SB-M-ST-L,1
SB-M-ST-S,1
SB-O-600,1
SB-O-700,1
SB-O-900,1
SB-OM-300,1
SB-OR-300-BK,1
SB-OR-300-R,1
SB-OR-400-BK,1
SB-OR-400-R,1
SB-PDM-F-XL,1
SB-PDM-FS-L,1
SB-PDM-FS-M,1
SB-PM-HFM-S,1
SB-PM-XXL,1
SB-RM-LE-XL,1
SB-U-400,1
SB-U-500,1
SB-U-600,1
SB-U-700,1
SB-U-750,1
SB111,1
SB112,1
SB122,1
SB123,1
SB124,1
SB126,1
SB128,1
SB206,1
SB510,1
SB602,1
SB602-3,1
SB604,1
SB605,1
SB616,1
SB617,1
SCL70B-BK,1
SCP100WN,1
SCRING,1
SDDG2-BK,1
SGMC22,1
SGOML22,1
SH4EC,0
SH4GB,1
SH4SF,1
SHBC,1
SHBG,1
SL675-BK,1
SMDT6,1
SSHPCS,1
ST-FL10CH,1
ST-FL11CH,1
ST-FL12CH,1
ST-FL13CH,1
ST-WC11CH,1
STBAG3-CH,1
STBAGTRI-CH,1
SY-16SUS,1
SY-19MH,1
SY-20EH,1
SY-22EH,1
TAH1A-AB,1
TAH1AB,1
TAH1B-AB,1
TAH1BK-R-TF,1
TAH1M-SNT,1
TAH1V-WB,1
TAH1WB,1
TAH2A-AB,1
TAH2AB,1
TAH2B-AB,0
TAH2BK-R-TF,1
TAH2M-SNT,1
TAH2V-WB,1
TAH2WB,1
TDWL,0
TDWS,0
TMB-S,1
TMGS-4,1
TMGS-5,1
TMSTCP-2,1
TMT1M-BK,1
TMWB-XS,1
TOPCAJ1MB,1
TSDDG1-BK,1
TT50,1
TT60,1
VR-BDPO10-NH,1
VR-BDPO10-SH,unknown
VR-BDPO12-SH,1
VR-BDPO14-NH,1
VR-BDPO14-SH,1
VR-TRICAJ-SO,1
WC100B,1
WC100EB,1
WCO11VBK-M,1
WCO11VBR-M,1
WCO11VR-M,1
WCP100MH,1
WD16WB,1
WD18WB,1
WD20WB,1
WD22WB,1
WG-TT20,1
WG-TT22,1
WG-TT24,1
WG-TT28,1
WG-TT30,1
WG-TT32,1
WG-TT36,1
WG-TT40,1
1B-ST-WC11CH,1
B-XL,1
B16SAH,1
CC-EM480,1
CC141620,1
CCD141620,1
COW3BK,1
CR-CLAMP3,1
EC-E-PL,1
EC-E-SI,1
EC-E-SY,1
EC-M-SI,1
EC-M-SY,1
EC-SET-16,1
G-RM-20,1
G-RM-25,1
G-RM-30,1
G-RM-40,1
G-RM-50,1
G-RM-SET-5,0
HCH2BK,1
LCS-VBR,1
MC1AB-B,0
MSTP,1
PA10A-BK-NH-H,1
RS1L,1
RS1M,1
RS1S,1
SB-BC-10,1
SB-BC-16,1
SB-BC-21,1
SB-BC-26,1
SB-BC-30,1
SB-BC-40,1
SB-BC-50,1
SB-CO-08,1
SB-FR-08,1
SB-FR-10,1
SB-FR-13,1
SB-FR-16,1
TF-432,1
TF-440,1
TF-CH,1
TF-MA,1
TF-S,1
TF-SA,1
TF-SET-2,1
TF-V,1
TFC-L,1
TFC-M,1
TTF-128,1
TTF-CH,1
TTF-E,1
TTF-ER,1
TTF-M-L,1
TTF-M-SP,1
TTF-N,1
TTF-PL,1
TTF-S,1
TTF-SA,1
TTF-SE,1
TTF-U,1
TTF-V,1
WCO1212VR-M,1
1B-CTF440C16,1
1B-PKL1709H,1
1B-SDDG1-SI,1
1B-SMIT68,1
1B-SUBCAJ8VWB,1
A-CS2,1
A-CS4,1
A-CS5,1
A-CS6,1
A-CS7,1
AD1,unknown
AD2,unknown
ADJ10-BW,1
ADJ10-SI,1
ADJ12-BW,1
ADJ12-SI,1
ADJ2-XL+BAG,0
ADJ3-XL+BAG,1
AEED4,1
AEED5,1
B024VSM,1
B14141620DU,1
B15EDMTH,1
B16EDMTH,1
B16ETHC,1
B18ETHC,1
B19ETHC,1
B20ETHC,1
B21DDCR,1
B22BADFR,1
B22BADTR,1
B22ETHC,1
BB14CW-CH,1
BB16CW-CH,1
BBB3,1
BBB4,1
CBCSET,1
CC8DAH,1
CCD101618,1
CCEM-CS1,1
CH-H12,1
CH-H18,1
CH-H24,1
CL3RW,1
CSBPSSET2,0
CSBRHL,1
CSBRHM,1
CSBS10BR,0
CSBS11BR,0
CSBS12BR,0
CSBS13BR,1
CSBS14BR,0
CSBS16BR,1
CSBS8BR,0
CSBS9BR,0
CSBSML,1
CSBSMM,1
CTF440C16,1
CTF440C20,1
CTF440F16,1
CTF440F20,1
DC1415,1
DDG-BOX,1
DDPROFNTD,1
DDPROFSD,0
DDPROFZC,1
DG-RTB,0
DG1415,0
ES-SET24-MC,1
ESET-9,1
FC1134BK,0
FC1212BK,0
FCR1134BK,0
G24-N,0
G24-U,0
G24-V,0
G28-CH,0
G28-J,0
G28-SE,0
G32-MA,0
G32-ME,0
G32-SA,0
G36-E,0
G36-S,0
GC-2428,1
GC-3640,1
GX-10DB,1
HC10PBK-M,0
HC11PBK-M,0
HC12PBK-M,1
HC512NT,1
HC555NT,1
HC812NT,1
HC888NT,1
HC9B,1
HCAJ1NT,1
HCH1R,1
HCO2BK,1
HD16WB-FOL,1
HD16WB-TOL,1
HD16WB-WH,1
HD18AB,1
HDB,1
HDJ1-L,1
HDJ1-M,1
HDJ1-S,1
HDJ1-XL,1
HDJ17-L,0
HDJ17-M,1
HDJ17-S,1
HDJ17-XL,1
HDJ4-L,1
HDJ4-M,1
HDJ4-S,1
HDJ4-XL,1
HDJ500NT,1
HEAD-142,1
HEAD-145,1
HEAD-147,1
HEAD-149,1
HEAD-JD10BK,1
HEAD-JD10WH,1
HEAD-JD10Y,1
HEAD-JD12BK,1
HEAD-JD14BK,1
HTC10WB-M,1
HTC11WB-M,1
HTC12WB-M,1
IG1,1
JBC6EY,1
JC50AB,1
JC50B,1
JC50BW,1
JC50HA,1
JD10DA,1
JD12DA,1
JD14DA,1
JG1A-B,1
JG1B-BK,1
JRD-GB,unknown
KL1701S,1
KL1705H,1
KL1707H,1
KL1708H,1
KL1709H,1
KL2101S,1
LC11NT-M,1
LC1BRASS,1
LC1STS,0
LCR11NT-M,1
LCR1212NT-M,1
M-CAP-FFFLATL,1
M-CAP-FFFLATS,1
MCC11CB,1
MCC11LB,1
MCC11SNT-M,0
MCCB22MO,1
MCM-14161820,1
MDHA,0
MDJS1DA,1
MDM-10121414,1
MDM-10121416,1
MDM-12131416,1
MDR,0
MDR-E,1
MDR-MA,1
MDR-OR,1
MDRL,1
MDRL-OR,1
MDRS,0
MDRS-OR,1
MFDB-12BE,1
MFDB-14BE,1
MFDB-22-D,1
MHPSL,1
MHPSM,1
MHT13BK,1
MHT13G,1
MJS1BK,1
MMR1NB,1
MMR1VG,0
MP1134NT,0
MP1212NT,1
MR-AMB,1
MR1415,1
MSTGC-20,1
MSTGC-34,1
MTS1415B,0
MTS1415CH,0
MTT1415BK,1
MVHC22DB,1
MVHC22LB,1
MWC22BK,1
MWC22GR,1
MWC22KH,1
P-BOOKLET2526,1
P-HCS141620,1
PA10ABS-BK-NH,1
PA141620,1
PA18EHTRC,1
PA20EHCR,1
PA22EHCR,1
PAC1618,1
PAC16MTC,1
PAC17MTC,1
PAC18MHC,1
PAC18MTC,1
PAC18TRC,1
PAC19MTC,1
PAC20MHC,1
PAC20MTC,1
PAC20MTR,1
PAC21SBR,1
PAC22MTR,1
PADJ1-L-F,1
PADJ1-L-G,1
PADJ1-M-F,1
PADJ1-M-G,1
PADJ1-S-F,1
PADJ1-S-G,0
PADJ1-XL-F,1
PADJ1-XL-G,1
PADJ2-L-F,1
PADJ2-L-G,1
PADJ2-M-F,1
PADJ2-M-G,1
PADJ2-S-F,1
PADJ2-S-G,1
PADJ2-XL-F,0
PADJ2-XL-G,1
PADJ3-L-Y,1
PADJ3-M-Y,1
PKL1707H,1
PKL1708H,1
PKL1709H,1
PL10CW,1
PL12CW,1
PL14CW,1
PROADJ2-L,0
PROADJ2-M,0
PSET-2,1
SB-E-1000,1
SB-E-1400,1
SB-E-1800,1
SB-E-2200,1
SB-E-2750,0
SB-E-700,1
SB-PM-MF-L,1
SB-PM-MF-M,1
SB-PM-MF-S,1
SB-PM-SR-S,1
SB-SE-1000,1
SB-SET-FOL600,1
SB-U-1000,1
SB-U-1700,1
SB-U-2300,1
SB2-D,1
SBZ1,1
SBZ2,1
SC100AB,0
SC100B,0
SC100BW,0
SC100HA,0
SC29B,0
SC29S,1
SC80AB,0
SC80B,1
SC80BW,0
SC80HA,0
SCL70-BK,1
SDDG1-SI,1
SE-CATALOG25,1
SE-CATALOG26,0
SFHHT,1
SGFOL22,1
SH50-SET,1
SKBPCH,0
SKMCHFOL,1
SLTRI-BK,1
SMIT68,1
SMIT810,1
SSHPP,1
ST-MCC11BK,1
STB45HA-CB,1
STB625HA-CB,1
STB65H,1
STB80BHH-C,1
STB80BHH-G,1
STB80BHH-S,1
SUBCAJ1AWA,1
SUBCAJ6MB-M,0
TF-M-SI,1
TG-125,1
TIM1428AB-M,1
TIM1435AB-M,1
TMGS-W,1
TMPMC-G,1
TMPMC-R,1
TS-C-16,1
TT40,0
VF-FS,1
VF-RL,1
VF-RM,1
VF-RS,1
VR-CAIX/CAIXN,1
VR-CPOSET-NH,0
VR-CPOSET-SH,1
VR-POH10-SH,0
VR-POH8-SH,1
VR-POH9-SH,1
VR-POHBD10-NH,1
VR-POHBD10-SH,1
VR-POHBD12-NH,1
VR-POHBD12-SH,1
VR-POHBD14-NH,1
VR-POHBD14-SH,1
VR-SDJPO14-SH,unknown
VR-SDJPO8-NH,1
VR-SDJPO8-SH,1
VR-SDJPO9-SH,unknown
WC11ZFA-M,0
WCP100MB,1
WD18WB-WH,1
WD20WB-WH,1
WD22WB-WH,1
WGK12,1
WGK14,1
WGK16,1
WGK18,1
WGK20,1
WGK22,0
WGK24,1
WGK28,1
WGK30,0
WGK32,1
WKTR11NT,1
DDPROFPE,1
EC-SET-CHA-7,1
HTR,1
HTT10BK,1
HTT8BK,1
HTT8R,1
HTT8WH,1
PAESLDOB,1
PCSB10FOL,1
PCSB8FOL,1
SB-CB-20,1
SB-CB-25,1
SB-CB-30,1
SB-CB-38,1
SB-CB-50,1
SB117-3,1
SB118-3,1
SB119-3,1
SB127-3,1
SOLCSB10-963,1
SOLCSB12-174,1
TF-256,1
TF-E-GEO,1
TF-E-HY,1
TF-E-PL,1
TF-E-SI,1
TF-E-SY,1
TF-HOLDER-1,1
TF-HOLDER-16,1
TF-HOLDER-2,1
TF-HOLDER-27,1
TF-J,1
TF-M-AR,1
TF-M-SP,1
TF-ME,1
TF-N,1
TF-PL,1
TF-SE,1
TF-SF,1
TF-U,1
TFC-16,1
TTF-256,1
TTF-E-PL,1
TTF-M-AR,1
TTF-M-MC,1
TTF-M-SI,1
TTF-M-SY,1
TTF-MA,1
TTF-SF,1
WGFOL12,1
WGFOL14,1
1B-DG11CW,1
1B-MCC1212NT,1
1B-SCP100AWA,1
1B-STB80B-CH,1
1B-SU22AB-M,1
1B-TMLTS,1
AC-6CRASHER,1
AC-BABY,1
AC-BULLET,1
AC-CRASHER,1
AC-DEEP,1
AC-FAT,1
AC-SUPER,1
ADJ10-KA,1
ADJ12-KA,1
ADJ7-L,1
ADJ7-M,1
ADJ7-XL,1
AE-ATA1S,1
AE-ATA2S,1
AE-CATA3S,1
AE-CMTA3B,1
AE-CMTA3BO,1
AE-DJTC1-L,1
AE-MTA1B,1
AE-MTA1BO,1
AE-MTA2B,1
AE-MTA2BO,0
AEBLMY,1
AEBLTL,1
AECLLI,1
AECLWN,1
AEMILLI,1
AESELRW,1
AETLLI,1
B10141618DU,1
B14161820DU,1
B14EQH,1
B14SAH,1
B20EQCH,1
B20SAR,1
B21FLXR,1
B21NUR,1
B22BADTLR,1
B22EQR,1
B22SAR,1
B22SYR,1
BWC1212,1
CAJ-KIT,1
CBCAURORA,1
CBCB,0
CBCLUNA,1
CBCS1,0
CBCS4,0
CBCS4SET,1
CBCSOL,1
CBCSTELLA,1
CC12MINI,1
CC18EMBBR-B,1
CC18HBBDAR,1
CCD5802,0
CH27VWB,1
CSBPSSET3,0
CSBSETOM4,1
CSBSETOM6,1
CTF432,1
CTF440,1
DDPROFSC,1
DDPROFZD,1
DG-RCCB,1
DG11CW,1
DJW3GAB-M,1
DJW3ZFA-M,1
EC-FOL,1
G24-M-SY,0
G28-E-PL,0
G28-E-SI,0
HC10SNT-M,1
HC10VWB-M,0
HC11SNT-M,1
HC11VWB-M,1
HC12SNT-M,1
HC12VWB-M,1
HC512VSB,1
HC555VSB,1
HC812VSB,1
HC888VSB,1
HCAJ1AWA,1
HCAJ3AWA,1
HCO4BK,1
HCS80246SM,1
HDJ3-L,1
HDJ3-M,1
HDJ3-S,1
HDJ3-XL,1
HE-113,0
HE-3030,0
HTHH1B-BK,1
HTHH1BK,1
HTHH2B-BK,1
HTHH2BK,1
HTMT2BK,1
HTMT2R,1
HTMT2WH,1
HTT10R,1
HTT10WH,1
KL1706H,1
KL8DISPLAY,1
M-HOOD-WB-3XL,1
M-HOOD-WB-L,0
M-HOOD-WB-M,0
M-HOOD-WB-S,1
M-HOOD-WB-XL,1
M-HOOD-WB-XS,0
M-HOOD-WB-XXL,1
M-VIN-WB-L,1
M-VIN-WB-M,0
M-VIN-WB-S,1
M-VIN-WB-XL,1
M-VIN-WB-XXL,1
MCA-12,1
MCAJ100BK-CBF,0
MCAJ100BK-LPF,0
MCAJ100BK-PBF,0
MCAJ100BK-SAF,0
MCAJ100BK-TRF,0
MCC1134NT,1
MCC1212NT,1
MEC11NT-CH,1
MEC11NT-G,1
MGB-24,1
MGB-26,1
MGB-28,1
MGB-40,1
MMP4BK-MPPS,1
MP1134BB,1
MP1212BB,1
MSSTDDISPLAY,1
MSTBB1,1
MTCR1134WR,1
MTCR1212WR,1
MTS1415BN,1
MTS1415RR-M,1
PAC141820,0
PAC15ETHH,1
PAC16ETHC,1
PAC18ETHC,1
PAC20ETHC,1
PADJ7-L-F,1
PADJ7-M-F,1
PSTD3DISPLAY,1
PSUBCAJ6B,1
S1134PBK,1
S1212PBK,1
SB-S-VF-1000,1
SB-Y1,0
SB-Y2,0
SB616-3,1
SB617-3,1
SCL850-BK,1
SCP100AWA,1
SL850-BK,1
SMBC,1
SMBG,1
SOLCTF174,1
ST-MEC11CH,1
ST-MEC11G,1
ST-MP11CH,1
ST-MSA11G,1
ST-WC1134CH,1
ST-WC1212CH,1
STB625HH-C,1
STB625HH-G,1
STB625HH-S,1
STB785H,1
STB80B,1
STB80B-CH,1
STB815H,1
STBAG1,0
STBAG2,0
STBAG2-CH,1
STBAG4-CH,1
STBAG5,1
SU16,0
SU16AB-M,1
SU18,1
SU18AB-M,1
SU20,0
SU20AB-M,1
SU22,1
SU22AB-M,1
SUB18,1
SUB18AB-M,1
SUB20,1
SUB20AB-M,0
SUB22,1
SUB22AB-M,0
SUC16,1
SUC18,1
SUC20,1
TCMCTF-YN,1
TF-SET-27,1
TMLTS,1
TMPPCS,1
TSDDG2-BK,1
TTF-432,1
TTF-440,1
TTF-ALPHA,1
TTF-BETA,1
TTF-BT-SET-R,1
TTF-DELTA,1
TTF-GAMMA,1
TTF-TCM-ER,1
TTF-TCM-FR,1
TTF-TCM-MT,1
TTF-TCM-SET-R,0
TTF-TCM-WD,1
TTF-TCM-WTR,1
TTF-THETA,1
TTF-V-G,1
VF-DISPLAY,1
VR-BDPOSET-NH,0
VR-BDPOSET-SH,0
VR-POH10-NH,1
VR-POH12-NH,1
VR-POH14-NH,1
VR-POH9-NH,1
WCO1134VBK-M,1
WCO1134VBR-M,1
WCO1134VR-M,1
WCO1212VBK-M,1
WCO1212VBR-M,1
WGFOL16,1
WGYY12,1
WGYY14,1
WGYY16,1
WGYY18,1
WGYY20,1
WGYY22,1
WGYY24,1
WGYY28,1
WGYY30,0
WGYY32,1
CSBA8B,unknown
CSBRHLT,1
CSBRHMT,1
ECSB67C4OR,1
G24-M-SI,0
G24RC1,0
HCS1418,1
HE-LUG-3200,1
JG1BK,1
JG1R,1
MGB-32,1
MGB-36,1
MGB-38,1
MGC-24,1
MGC-28,1
MGC-32,1
MGC-36,1
MGC-40,1
PCSB12CH,1
PCSB12J,1
PCSB12MA,1
PCSB12ME,1
PCSB12S,1
PCSB12V,1
PCSB8OM,1
RDO10F,0
RDO15F,0
SB126-3,1
SB128-3,1
SD15LBCHA,1
SOLCSB10-396,1
SOLCSB12-285,1
SOLCSB8-528,1
TF-E,1
TF-FOL,1
TF-M-CU,1
TF-M-K,1
TF-M-MC,1
TF-M-SY,1
TTF-64-G,1
TTF-E-GEO,1
TTF-E-HY,1
TTF-E-SI,1
TTF-E-SY,1
TTF-J,1
TTF-M-CU,1
TTF-M-K,1
TTF-ME,1
WD18FOL,1
WD20FOL,0
WD22FOL,0
WWTC6,1
1B-AEVLPS,1
1B-MECR1212NT,1
1B-WC1212ZFAM,1
1B-WGFOL24,1
A-CS3,1
AA11SY,1
AC-DOUBLEDOWN,1
AC-TE1,1
AC-TE2,1
AE-ATAH2S,1
AE-MTAH2B,0
AE-MTAH2BO,0
AECLBE,1
AEED1,1
AEED2,1
AEED3,1
AEED6,1
AEMILBE,1
AEMLBI,0
AESELIH,1
AESLEB,1
AESLEYB,1
AETLBE,1
AETLBF,1
AETLEES,1
AETLGE,1
AETLLE,1
AETLRF,1
AETLSBK,1
AN-BB,1
AV1ABR,1
B18QSR,1
B18SAMC,1
B18SATC,1
B21C2R,1
B21TSR,1
B22SACR,1
B86VSMA,1
CC21GR,1
CCDU141620,1
CH-TT20,0
CH-TT22,1
CH-TT24,1
CH-TT26,1
CH-TT28,1
CH-TT30,1
CH-TT32,0
CH-TT34,1
CH-TT36,1
CH-TT38,0
CH-TT40,0
CH-TT44,1
CH-TT48,1
CSB432LF,0
CSTDMC,1
DC11PG,1
ECTT1,1
ECTT2,1
ECTT3,1
ECTT4,1
ESOLCSBSET,1
G36HC4,0
GFOL24,1
GX-12/14TH,0
HCC12MINI,1
HDJ5-XXS,1
HDJ7-XXS,1
HEAD-148,1
HEAD-JD10DA,1
HTBK,1
HTMT1BK,1
HTMT1R,1
HTMT1WH,1
HTWH,1
JC50AB-B,0
JD10DA-DH,1
JD12DA-DH,1
KA5-S,1
LC1134NT-M,0
LC1212NT-M,0
LC60HF,1
LCR1134NT-M,1
M92-GM-L-GIRL,1
M92-GM-M-GIRL,1
MCC1134CB,1
MCC1134LB,1
MCC1134SNT-M,1
MCC1212CB,1
MCC1212LB,0
MCC1212SNT-M,1
MEC11WRP-CH,1
MECR11NT-CH,1
MECR1212NT-CH,1
MSA11AWA,1
OSTDMC,1
PA14QSH,1
SB-S-FOL-1000,1
SBCS,1
SC100AB-B,0
SC100BLB,0
SC100BRB,0
SC100GRB,1
SC100RDB,1
SC80AB-B,0
SKFOLL,1
SKFOLM,1
SKFOLS,1
SL475-BK,1
SL525-BK,1
SOLCTF285,1
SOLCTF396,1
SOLCTF528,1
ST-MCC1134BK,1
ST-MCC1212BK,1
STB55,1
STB55-CH,1
STB625,1
STB625-CH,1
STB750-CH,1
STB80S,1
STB80S-CH,1
SU16-L,0
SU16-L-AB-M,1
SU18-L,1
SU18-L-AB-M,1
SU20-L,0
SU20-L-AB-M,1
SU22-L,0
SU22-L-AB-M,1
TCMCSB10-E,1
TCMCSB10-M,1
TCMCSB10-WD,1
TCMCSB12-YN,1
TCMCSB14-YG,1
TCMCSB8-F,1
TCMCSB8-WT,1
TCMCSBSET5,1
TMRGS1,0
TMRGS2,1
TTF-ALPHA-SET,1
TTF-BETA-SET,1
TTF-DELTA-SET,0
TTF-GAMMA-SET,0
TTF-SET-16,1
TTF-SET-27,0
TTF-THETA-SET,0
VR-SDJSET-NH,0
VR-SDJSET-SH,0
WC1134ZFA-M,1
WC1212ZFA-M,1
WD16WB-WH,1
WGFOL20,1
WGFOL24,1
CSB10D,1
CSB10F,1
CSB10G,1
CSB11F,1
CSB12A3,1
CSB12C,1
CSB12D,1
CSB12F,1
CSB12F3,1
CSB13D,1
CSB14C,1
CSB14G,1
CSB8B,1
CSB8F,1
CSB9A,1
CSBE10F,1
ECSB7B3C,1
ECSB8F3MB,1
G24CC7,0
G24OM,0
G24SC2,0
G32OM,0
G32TC5,0
G36OM,0
HCS141620,1
HDJ500VWB-M,1
JG1M-WH,0
KLC17EQ,1
MCSB10A,1
MCSB10B,1
MCSB10C,1
MCSB10D,1
MCSB10F,1
MCSB10G,1
PCSB12E,1
PCSB12EPL,1
PCSB12ESY,1
PCSB12MSY,1
PCSB12SF,1
RDS10MTOL,1
RDS12MTOL,0
SOLCSB10-417,1
SOLCSB10-639,1
SOLCSB10-741,1
SOLCSB10-852,1
ST-MEC1212CH,1
ST-MEC1212G,1
TTF-E-G,1
TTF-HOLDER-1,1
TTF-HOLDER-16,1
TTF-HOLDER-2,1
TTF-HOLDER-27,1
TTF-HOLDER-7,1
WD16FOL,1
ADJ10-DA,1
ADJ10-GB,1
ADJ12-DA,1
AESLRB,1
BWC1134,1
CCD460+18,1
CCDU4680,1
CMC25S,1
CSBB8BR,1
DG1134CW,0
DG1212CW,1
FFBR400BK,0
FWB190NT,1
G36NC3,0
HDJ6-XXS,1
HMC36B,1
HMC36BK,1
HOD15-FOL,0
HOD15-TOL,0
KL1001TOL,0
KL1002FOL,1
MEC1134NT-CH,1
MEC1134NT-G,1
MEC1212NT-CH,1
MEC1212NT-G,1
MFDB-7KA,1
PCSB16OM,1
PCSBSETCHA,1
RD14DWB-SH,1
RD16DWB-SH,1
RD18DWB-SH,1
RD20DWB-SH,1
RD22DWB-SH,1
SG12M,1
SOLCTF417,1
ST-MEC1134CH,1
ST-MEC1134G,1
ST-MP1134CH,1
ST-MP1212CH,1
ST-MSA1134G,1
ST-MSA1212G,1
STB45H,1
STB45L,0
STB45L-CH,1
STB45M,1
TCGM12,1
TCMCSBSET2,1
TCMCTFSET,1
TMGS,1
TMGS-3,1
TMT2A-B,1
TMT2M-WH,1
TTF-SET-CHA-7,0
TTF-TCM-YYSET,0
VR-DJB-14,1
VR-DJB-9,1
VR-POH115-NH,1
VR-POH115-SH,1
VR-POH95-NH,1
VR-POH95-SH,1
VR-SDSET-NH,1
CSB10E,1
CSB12E,1
CSB16C3,1
CSB16E3,1
CSB16F3,1
CSB8C5,1
CSBC10G,1
CSBC11F,1
CSBC12E,1
CSBC13D,1
CSBC14C,1
CSBC9A,1
CSBM12A3,1
CSBM12B3,1
CSBM12C4,1
CSBM12F3,0
CSBM12G3,1
CSBM14E3,1
CSBM16C3,1
CSBM16D3,0
CSC55AC,1
CSC675CC,1
CSC7BCL,1
ECSB6E4CL,1
ECSB75G3LPK,1
ESOLCSB285,1
ESOLCSB963,1
G24BC6,0
LC300NT-M,1
MTTB-24,1
MTTB-28,1
MTTB-32,1
MTTB-40,1
PADJ3-S-Y,1
SB-CO-09,1
SBTSETSOL,1
TF-SET-16,1
1B-STMEC1134C,1
AA1134SY,1
AA1212SY,1
BAMC29S,1
CHYY20,1
CHYY22,1
CHYY24,1
CHYY28,0
CHYY32,0
CSBB10BR,1
CSBB12BR,1
CSBB14BR,1
CSBB16BR,1
DC1134PG,1
DC1212PG,1
ESOLCSB174,1
FFB400BK,0
FWB190AF,1
FWB190LB,1
FWB200NT,1
FWB400NT,1
HB100NT,1
KA7-M-BK,1
KL801TOL,1
KL802FOL,1
M74-S,1
MEC1134WRP-CH,1
MEC1212WRP-CH,1
MECR1134NT-CH,1
MJ-GB,1
MSA1134AWA,0
MSA1212AWA,1
PCSB16FOL,1
PD1415,1
PRO-TABLA,1
SB-U-900,1
SBTSETM,1
TMGS-2,1
TMT1A-B,1
TMT1B-BK,1
TMT2BK,1
TMT2R,0
TMTGS-L,1
TMTGS-M,1
TMTGS-S,1
TMWGS-L,1
TMWGS-M,0
TOLCC12MINI,1
WB200NT-CH,0
WB200NT-G,0
WBTR300WR,1
CSBC8B,1
CSBH10F,1
CSBH8B,1
ECSB432LF,1
ECSBSETEBG,1
ECSBSETECG,1
ESOLCSB396,1
ESOLCSB417,1
ESOLCSB639,1
ESOLCSB741,1
MCSB10E,1
TF-SET-CHA-7,1
TF-SET-CHA-7C,1
WWTSETCHA,0
AA400SY,1
AERIQ1,1
CSBMSETCEG,1
CSCB6BR,1
CSCB7BR,1
CSCB8BR,1
DC400PG,1
DGR11CW,1
ESOLCSB528,1
ESOLCSB852,1
FOLMC36B,1
FOLMC36BK,1
FWB190SNT-M,1
FWB400BB,1
FWB400CR,1
HB100VSB,1
HB50BK,1
HB50CS,1
HB50R,1
HFB100BK,1
KL17DISPLAY,1
KRA1,1
LCR300NT-M,1
MMC32B,1
MMC32S,1
MMC35S,1
MMC44B,1
MMC44S,1
MMC49S,1
RS11PW,1
S400PBK,1
SB-O-2200,1
SB-U-1500,1
SB-U-1950,1
SBTSETCHA,1
SG1134M,1
STD1BK,1
STD2BK,1
STD2VB,1
STD3BK,1
TABLA,1
TF-SET-CHA-R,1
TMT1BK,1
TMT1R,1
TMTGS-XL,1
TOLMC36B,1
TOLMC36BK,1
TTF-SET-2,0
WB200SNT-M,1
WB200WRP-CH,1
WSL,1
WSM,1
WSS,1
CSBSETAFC,1
CSBSETAFD,1
CSBSETGEC,1
G32-DC-B,0
HCS14161820,1
HPSTL100,0
HPSTL101,1
HPSTL110CU,1
HPSTL90,0
HPSTL91,1
MSTD1BK,1
MSTD2NB,1
MTTB-36,1
SESPARE-04,1
CSTD3G,0
FWB190ATB-M,1
FWB200GAB,1
FWB400GAB,1
HB100VWB-M,1
HB100WRB,1
HB50EC,1
HB50FG,1
HB50FP,1
HB50GB,1
HB50IY,1
HB50SF,1
HB50UG,1
HB50WH,1
HPSTL92,1
HTB100WB-M,1
KA9-M,1
MCDT50AB,1
MCDT50ABK,1
MSTD3G,1
OSTD1BK,1
SB-C-2700,1
SB-C-4750,1
SB-E-3100,0
SB-E-5400,1
SSTD1BK,1
SSTD3G,1
STD1VB,1
STD3VB,1
STD4PG,1
TTF-SET-CHA-R,1
WB500AMB,1
WB500ZFA-M,1
CSC6FPFOL,1
CSC8FPFOL,1
CSTD1DG,0
CSTD2NB,0
HCS141620+10,1
OSTD2NB,1
SSTD2NB,1
TMT1M-WH,1
DG11MS,1
DGR1134CW,1
DGR1212CW,1
KA9WW-BK,1
MFC10CMIBK,1
MFC10DMAB,1
MFC10EMIBK,1
MFC10GMAB,1
MFC8CSHMIS,1
MOSTD1BK,1
MOSTD3G,0
PSTD3GOM,1
RS1134PW,1
RS1212PW,1
SB-C-3800,0
SB-E-4600,0
SB-U-1750,1
SB-U-2950,1
WB400VBK-M,1
WB400VBR-M,1
WB400VR-M,1
WKT11BW,1
WKT11ES,1
ECSB128FOL,1
FWB100SNT-M,1
HPSTL93CU,0
PSTD1PLF,1
PSTD2NBVF,1
DGR400CW,1
MOSTD2NB,1
MOSTD4DG,0
RS400PW,1
SB-SET-CHA,1
HPSTL102CU,1
IP72ZH8WBNBOB,1
OSTD1BKE,1
OSTD2NBE,1
DG1134MS,1
DG1212MS,1
ST50H5-BNS,0
ST50H5-CDS,0
ST50H5-SEM,0
ST50H6-BNS,1
ST50H6-CDS,1
ST50H6-SEM,1
ST52H5-BNS,0
ST52H5-CDS,1
ST52H5-SEM,1
ST52H6-BNS,1
ST52H6-CDS,1
ST52H6-SEM,1
WKT1134BW,1
WKT1134ES,1
WKT1212BW,1
WKT1212ES,1
CSBSETCHA,1
MCSBSETCHA,1
OSTD3DGE,1
OSTD4DGE,1
PSTD4DGGOL,1
CAJS-DIS,0
DG400MS,1
BV-141820SA,1
CSBCSETCHA,1
WKT400BW,1
WKT400ES,1
IP50H6W-ELY,1
IP50H6W-HBK,1
IP50H6W-HLB,0
IP52H6W-ELY,1
IP52H6W-HBK,0
IP52H6W-HLB,1
IP58H6W-HBK,0
IP58H6W-HLB,0
IP62H6W-HBK,0
IP62H6W-HLB,0
IP50H6W-BRM,1
IP50H6W-CTW,1
IP50H6WBN-SLM,0
IP52H6W-BRM,0
IP52H6W-CTW,1
IP52H6WBN-SLM,0
IP58H6W-BRM,1
IP58H6W-CTW,0
IP62H6W-BRM,1
IP62H6W-CTW,0
BV-480+B16TRC,1
IP50H6WBN-BOB,1
IP52H6WBN-BOB,0
SOLCSBSET,1
STAND-51,1
HHEAD10T,1
BRACKET-04,1
SPARE-45,1
HCBRACKET,1
SPARE-30,1
STRAPS-05,1
STRAPS-07,0
BRACKET-19,1
HCBRACKET-02,1
RIM-05,1
SPARE-77,1
SPARE-78,1
HBLUG,1
KEY-09,0
KEY-10,1
RIM-49,1
STAND-74,1
LOGO-01,1
LUG-13,1
BEATER-01,1
CAPS-04,1
HBRIM634T,1
HBRIM8W,1
HE-HEAD-1000,1
HRIM12,1
HRIMDJ8,1
LUG-43,0
RIM-51,1
RIM-52,1
RIM-53,1
BRACKET-03,0
BRACKET-14,1
LUG-41,1
PP5,1
SSR-25,1
TS-F-03,1
TS-F-07,1
TS-F-08,0
TS-F-09,1
TS-F-12,0
HHEAD12,5W,1
STAND-40,0
KEY-06,0
RIM-04,1
RIM-37,1
TS-G-02,1
BRACKET-27,1
FP-BASSBOX,1
HEAD-130,1
HOLDER-05,1
SPARE-07,1
SPARE-65,1
STAND-41,1
STAND-46,1
STAND-69,1
STAND-70,1
TMCP-SPARESET,1
TS-M-01,1
TTR-07,1
BRACKET-02,1
BRACKET-26,1
KEY-12,0
SPARE-05,1
SPARE-40,1
SPARE-51,1
STAND-47,1
CAPS-05,1
PP3,1
SSR-09,1
STAND-65,1
TS-C-13,1
TS-F-02,1
TS-F-04,1
TS-F-10,1
CAPS-02,1
SPARE-19,0
SSR-23,1
SSR-30,1
TS-B-52,1
TS-F-06,1
TS-F-11,0
BEATER-03,1
BRACKET-24,1
HE-LUG,1
HE-LUG-100,1
HE-LUG-3000,1
HEAD-135,1
HEAD-139,1
HOLDER-04,1
HSTAND-04,1
LUG-38,0
LUG-42,1
LUG-54,1
RIM-56,1
SPARE-01,1
SPARE-08,1
SPARE-101,1
SPARE-102,1
SPARE-23,1
SPARE-31,1
SPARE-36,1
SPARE-43,1
SPARE-44,1
SPARE-47,1
SPARE-56,1
SPARE-80,1
SPARE-88,1
SPARE-95,1
SPARE-97,1
STAND-48,0
STAND-68,1
TBLH13BK,0
TBLH14BK,0
TBLH15BK,1
STAND-13,1
FP-SNAREBOX,1
HE-LUG-102,1
HEAD-116,1
HEAD-80,1
HOLDER-02,0
HSTAND-01,0
KEY-08,1
KEY-15,1
LUG-FDB,1
MYO-SPARE-13,1
SEPC-LB,1
SEPC-LY,1
SPARE-09,1
SPARE-33,1
SPARE-58,1
SPARE-74,1
STAND-44,1
STAND-49,1
TS-B-20,1
CAPS-01,1
TS-B-03,1
TS-B-28,1
TS-B-32,1
TS-F-05,0
HE-HEAD-102,0
MYO-SPARE-12,1
BRACKET-18,1
BRACKET-21,1
BRACKET-22,1
CSBSM,1
FP-HCAJ100NT,1
FRM1-WB,1
HEAD-117,1
HEAD-66,1
HEAD-67,1
HEAD-68,1
HEAD-69,1
KEY-13,1
KEY-14,1
KLH,1
LUG-22,1
LUG-28,1
LUG-29,1
LUG-31,1
MBS-FOOT,1
MBS-SEAT,1
MC-WBH,1
MYO-SPARE-01,1
MYO-SPARE-15,1
RIM-01,1
RIM-55,0
SBP,1
SPARE-03,1
SPARE-11,1
SPARE-111,1
SPARE-115,1
SPARE-129,1
SPARE-13,0
SPARE-144,0
SPARE-34,1
SPARE-35,1
SPARE-38,1
SPARE-49,1
SPARE-59,1
SPARE-61,1
SPARE-66,1
SPARE-85,1
SPARE-87,0
SPARE-89,1
SPARE-96,1
STAND-52,1
STAND-54,1
STAND-57,1
STAND-75,1
TBLH10BK,0
TBLH8BK,0
TS-C-15,1
TS-M-02,0
ECCB,1
HEAD-103,1
HEAD-106,1
HEAD-107,1
HEAD-108,1
HEAD-109,1
HEAD-110,1
HEAD-111,1
HEAD-112,1
HEAD-113,1
HEAD-114,1
HEAD-115,1
HEAD-127,1
HEAD-42,1
HEAD-NINO48,1
HHEAD8,1
HOLDER-03,1
KEY-11,1
LUG-30,1
LUG-52,1
MYO-SPARE-02,1
MYO-SPARE-06,1
MYO-SPARE-08,1
MYO-SPARE-19,1
MYO-SPARE-20,1
MYO-SPARE-21,1
MYO-SPARE-23,1
RIM-41,1
RIM-58,1
SPARE-02,1
SPARE-108,0
SPARE-116,1
SPARE-12,1
SPARE-18,1
SPARE-21,1
SPARE-39,1
SPARE-54,1
SPARE-62,1
SPARE-68,1
SPARE-70,1
SPARE-82,1
SPARE-84,1
STAND-03,1
STAND-150,1
STAND-22,1
STRAPS-02,1
STRAPS-04,0
TINGSHA-BAG,0
TS-M-03,0
CAPS-03,1
TS-B-13,1
TS-B-17,1
TS-B-18,0
TS-B-19,1
TS-B-54,1
1B-HSTAND10,1
BEATER-02,1
BRACKET-06,1
BRACKET-15,1
BRACKET-34,0
HDLUGW,0
HE-HEAD-050,1
HE-RIM-1018,0
HE-RIM-1030,0
HE-RIM-2018,0
HEAD-08,1
HEAD-12,1
HEAD-129,1
HEAD-131,1
HEAD-141,1
HEAD-143,1
HEAD-22,1
HEAD-23,1
HEAD-62,1
HEAD-74,1
HEAD-75,1
HEAD-77,1
HEAD-79,1
HEAD-90,1
HRIM12W,0
HSTAND-02,1
HSTAND-03,1
HSTAND10,1
HSTAND11,1
HSTAND12,1
KEY-17,1
LHEAD9,1
LUG-06,1
LUG-10,1
LUG-24,1
LUG-27,1
LUG-48,1
LUG-49,1
MYO-SPARE-18,1
RDSS,1
RHEAD-7NS,1
RIM-03,1
RIM-36,1
RIM-57,0
RIM-59,0
RIM-60,1
RIM-61,1
RING-33,1
RTHEAD-11NS,1
SGB22BR,0
SGB24BR,1
SPARE-04,0
SPARE-105,1
SPARE-118,1
SPARE-119,1
SPARE-120,1
SPARE-134,0
SPARE-137,1
SPARE-145,0
SPARE-16,0
SPARE-17,1
SPARE-37,1
SPARE-41,1
SPARE-55,0
SPARE-57-V2,1
SPARE-64,1
SPARE-69,1
SPARE-72,1
SPARE-73,1
SPARE-75,1
SPARE-76,1
SPARE-83,1
SSR-48,1
STAND-29,0
STAND-50,0
STAND-52-2,1
STAND-55,1
STAND-64,1
TS-B-05,1
TS-C-10,1
BRACKET-20,0
FP-AEBLTL,1
FP-AECLBE,0
FP-AECLWN,0
FP-AEFLIH,1
FP-AEMILBE,1
FP-AEMILLI,0
FP-AEMLBI,1
FP-AESELCB,0
FP-AESELIH,1
FP-AESELRW,0
FP-AESLEYB,0
FP-AESLRB,0
FP-AETLBF,0
FP-AETLLE,0
FP-AETLLI,0
FP-AETLRF,0
FP-AETLSBK,0
FP-CAJ4RO-M,1
FP-JBC6EY,1
FP-JC50BW,0
FP-MCAJ100CBF,0
FP-MCAJ100LPF,0
FP-MCAJ100PBF,0
FP-MCAJ100SAF,0
FP-MCAJ100TRF,0
FP-MCAJ100VBR,1
FP-PWCP100MB,1
FP-SC100BLB,1
FP-SC100BRB,1
FP-SC100BW,0
FP-SC100GRB,1
FP-SC100RDB,1
FP-SC80BW,0
FP-SCAJ1NT-LB,1
FP-SUBCAJ7SNT,1
HDSTAND-01,1
HEAD-132,1
HEAD-133,1
HEAD-134,1
HEAD-39,1
HEAD-88,1
HEAD-89,1
HEAD-NINO37,1
HEAD-NINO38,1
HEAD-NINO39,1
HHEAD11T,1
HHEAD12T,1
HHEAD8T,1
KEY-03,1
KLB,1
LUG-44,1
LUG-50,1
LUG-51,1
MYO-SPARE-03,1
MYO-SPARE-09,1
RIM-35,1
RIM-62,1
RIM-63,1
SB-FC-13N,0
SB-FC-16N,0
SBCS-S,1
SPARE-10,1
SPARE-104,0
SPARE-121,1
SPARE-143,0
SPARE-24,1
SPARE-25,1
SPARE-28,1
SPARE-32,1
SPARE-42,1
STAND-01,1
STAND-12,1
STAND-21,1
STAND-34,0
STAND-53,1
STAND-56,1
STRAPS-03,1
TS-C-04,1
BRACKET-31,0
BRACKET-32,0
FP-HCAJ3NT,1
FP-HCAJ5AWA,1
FP-HCAJ5NT,1
FP-PWC100B,0
FP-WCAJ3NT-OV,1
HE-LUG-050,1
HE-RIM-2000,1
HE-RIM-3200,1
HE-RIM-3218,1
HE-RING-100,1
HE-RING-101,1
HE-RING-102,1
HEAD-05,1
HEAD-136,1
HEAD-137,1
HEAD-138,1
HEAD-36,1
HEAD-41,1
HEAD-44,1
HEAD-45,1
HEAD-48,1
HEAD-51,1
HEAD-73,1
HEAD-86,1
HEAD-99,1
HEAD-JD14SI,1
HHEADHQW1,1
HRIM10,1
HRIM10T,1
HRIM11,1
HRIM8W,1
LUG-11,0
LUG-21,1
LUG-23,1
LUG-33,1
LUG-34,0
LUG-35,0
LUG-36,1
LUG-37,1
LUG-53,1
MUTEPLUG-L,0
MUTEPLUG-M,1
MUTEPLUG-S,1
MYO-SPARE-05,1
MYO-SPARE-17,0
RHEAD-11NT,1
RHEAD-7NT,1
RIM-09,1
RIM-10,1
RIM-23,1
RIM-29,1
RIM-30,1
RIM-31,1
RIM-38,1
RIM-39,1
RIM-40,1
RIM-42,0
RIM-43,0
RIM-48,1
RING-15,1
RING-26,0
RING-STMCC11B,1
SPARE-06,1
SPARE-103,1
SPARE-107,0
SPARE-109,0
SPARE-14,1
SPARE-48,1
SPARE-52,1
SPARE-53,1
SPARE-81,1
SPARE-86,1
SSR-08,1
SSR-49,1
STAND-08,0
STAND-19,1
STAND-66,0
STAND-67,0
STAND-85,1
STRAPS-01,1
STRAPS-06,1
THGMM,1
THGMS,1
TS-B-51,1
BRACKET-23,0
FP-AE-CAJ2LI,1
FP-AE-CAJ3,1
FP-AE-CAJ6,1
FP-AEBLMY,1
FP-HCAJ1AWA,1
FP-HCAJ1NT,1
FP-JC50AB,1
FP-JC50DE,1
FP-JC50HA,1
FP-JC50LBNT,1
FP-JC50NTTA,1
FP-PSC100B,0
FP-SC100AB,1
FP-SC100DE,1
FP-SC100HA,1
FP-SC80AB,0
FP-SC80HA,1
FP-SCP100AWA,1
FP-SCP100WN,1
FP-SUBCAJ6MB,1
FP-SUBCAJ8VWB,1
FP-WC100B,1
FP-WC100EB,1
FP-WCP100MB,1
FP-WCP100MH,0
HCLUG,1
HDBRACKET-04,0
HEAD-100,1
HEAD-101,1
HEAD-102,1
HEAD-104,1
HEAD-43,1
HEAD-47,1
HEAD-58,1
HEAD-92,1
HEAD-97,1
HEAD-98,1
HEAD-NI910-10,1
HEAD-NI910-9,1
HEAD-NINO23,1
HEAD-NINO3-65,1
HEAD-NINO3-75,1
HEAD-NINO36,1
HEAD-NINO89-8,1
HEAD-NINO89-9,1
HRING8W,1
KLC1701,1
KLC1702,1
LUG-NINO48,1
MYO-SPARE-04,1
MYO-SPARE-10,1
MYO-SPARE-11,1
MYO-SPARE-16,1
PP6,1
RIM-21,1
RIM-22,1
RIM-24,1
RIM-47,1
SB-CO-17,1
SPARE-117,1
SPARE-27,0
SPARE-46,1
SSR-21,1
STAND-07,1
STAND-23,1
STAND-26,1
STAND-38,1
STAND-45,1
TFCBM,1
TTR-32,0
BRACKET-25,1
BRACKET-28,1
FP-HCAJ3MH-M,1
FP-HCAJ5MH-M,1
FP-MC100BK-MA,1
HBRIM8T,1
HDBRACKET-02,1
HDCLUG,1
HE-RIM-050,0
HE-RIM-101,1
HE-RIM-102,1
HE-RIM-103,1
HE-RIM-104,0
HE-RIM-3020,0
HE-RIM-3400,1
HE-RING-104,1
HEAD-06,1
HEAD-07,1
HEAD-09,1
HEAD-10,1
HEAD-11,1
HEAD-128,1
HEAD-144,1
HEAD-24,1
HEAD-32,1
HEAD-34,1
HEAD-52,1
HEAD-63,1
HEAD-72,1
HEAD-76,1
HEAD-JD12WH,1
HEAD-JD12Y,1
HEAD-JD14WH,1
HEAD-JD14Y,1
HHEAD12C,1
HHEAD8W,1
HHEADHFDD2,1
HRIM11T,1
HRIM12C,1
HRIM12T,1
HRIMHFDD2,1
LUG-04,1
LUG-07,1
LUG-12,1
LUG-16,1
LUG-19,1
LUG-32,1
LUG-39,1
LUG-40,1
MHEAD1212,1
MHPCCU,1
MHPCG,1
MHPCLIP,1
MSTGC-22,1
MSTGC-24,1
MSTGC-26,1
MSTGC-28,1
MSTGC-30,1
MSTGC-32,1
MSTGC-36,1
MSTGC-38,1
MSTGC-40,1
RHEAD-11BK,1
RHEAD-7BK,1
RHEAD-812NS,1
RIM-19,1
RIM-20,1
RIM-32,1
RIM-34,1
RIM-44,1
RIM-45,1
RING-01,1
RING-03,1
RING-28,1
RING-29,1
RING-32,1
RINGSTMCC1212,1
RTHEAD-1134NS,1
RTHEAD-11BK,1
RTHEAD-1212NS,1
SB-RM-LE-XS,0
SPARE-110,0
SPARE-15,1
SPARE-98,1
SSR-05,1
SSR-07,1
SSR-19,1
SSR-35,1
SSR-45,1
STAND-06,1
STAND-11,0
STAND-30,1
STAND-42,1
STAND-62,1
STAND-63,1
STAND-79,1
STAND-86,0
TS-C-05,1
TTR-28,1
TTR-33,1
WDPLUG,1
ECTTCB,1
FP-CAJ2GO-2,1
FP-SUBCAJ1AWA,1
FP-SUBCAJ5WN,1
HD200LUG,1
HEAD-105,1
HEAD-40,1
HEAD-56,1
HEAD-57,1
HEAD-85,1
HHEAD634T,1
KEY-04,0
LUG-26,1
P1142,1
SESPARE-03,0
STAND-04,1
STAND-14,1
STAND-20,1
STAND-24,0
STAND-27,1
STAND-35,1
STAND-36,0
TFCBL,1
TS-B-23,1
TS-B-26,1
TTR-23,1
1B-LRIM11,1
BRACKET-16,1
HBRIM634W,1
HE-RIM-100,1
HE-RIM-204,1
HE-RIM-205,1
HE-RIM-3000,0
HE-RIM-3000BG,1
HE-RIM-3018,1
HE-RIM-3030,1
HEAD-35,1
HEAD-87,1
HHEAD10,1
HHEAD7,5,1
HHEADHFDD3,1
HRIM12,5W,1
HRIM634W,1
HTP4,1
HTP5,1
LRIM10,1
LRIM11,1
LUG-02,1
LUG-20,0
MHEAD1134,1
OSTDM,1
PP4,1
PSTDM,1
RHEAD-1134NT,0
RHEAD-1212NT,1
RHEAD-812NT,1
RIM-06,0
RIM-07,1
RIM-08,0
RIM-25,1
RIM-26,1
RIM-28,0
RIM-46,1
RIM-ED5,1
RIM-ED7,1
RING-10,1
RING-30,1
RING-31,1
SESPARE-01,0
SESPARE-02,0
SESPARE-05,1
SPARE-26,1
SPARE-63,1
SPARE-79,1
SSR-01,1
SSR-02,1
SSR-06,1
SSR-15,1
SSR-22,1
SSR-29,1
SSR-44,1
STAND-05,1
STDLB,1
TCMCTF-YG,1
TS-B-24,1
TS-B-55,0
TS-C-12,1
TS-F-01,1
TTF-TCM-YG,1
TTF-TCM-YN,1
TTR-05,1
TTR-08,1
TTR-12,1
TTR-26,1
TTR-27,1
CSBSR16,1
FP-AESLEB,1
FP-JC50B,1
FP-SC100B,0
FP-SC80B,1
HE-LUG-1000,0
HE-LUG-2000,0
HEAD-53,1
HEAD-70,1
HEAD-71,1
HRING634W,1
KLC10,1
KLC17,1
KLC21,1
MOSTDB,1
RIM-27,0
RIM-50,1
RING-NI3-65-B,1
RING-NI3-65-Y,1
RING-NI3-75-B,1
SB-CO-14,1
SPARE-20,1
SSR-46,1
STAND-16,1
STAND-28,0
STAND-37,1
TS-B-44,1
TS-B-50,1
TS-C-11,0
TS-G-01,0
BRACKET-08,1
BRACKET-12,1
HE-RIM-105,1
HE-RING-103,1
HE-RING-105,1
HEAD-55,1
HEAD-JD12DA,1
HHEAD11,1
HHEAD6,5,1
HHEAD634W,1
HHEADHFDD1,1
HRIMHFDD1,1
HRIMHFDD3,1
LUG-01,1
MSTDM,1
OSTDSF,1
RHEAD-1134BK,1
RHEAD-1212BK,1
RHEAD-812BK,1
RIM-EDS,1
RING-04,1
RING-27,1
RTHEAD-1134BK,1
RTHEAD-1212BK,1
SB-M-MF-M,1
SSR-12,0
SSR-16,1
SSR-17,1
SSR-20,1
SSR-24,1
SSR-26,1
SSR-27,1
SSR-34,1
SSR-40,1
SSR-41,1
SSR-42,0
SSR-47,1
TS-B-09,1
TS-B-10,1
TS-B-21,1
TS-B-31,1
TS-C-02,1
TTR-02,1
TTR-29,0
TTR-30,1
TTR-31,1
VF-FS-G,0
VF-RS-G,0
VF-S,1
BRACKET-13,1
CSBSR11,1
CSBSR12,1
HEAD-38,1
HEAD-54,1
HEAD-59,1
KEY-01,1
KEY-02,1
KEY-05,1
OSTDB,1
RING-08,1
RING-NI3-75-R,1
STDCB20,1
TFCBS,1
TS-B-25,1
TS-B-38,1
TS-C-14,1
TTR-24,1
BRACKET-01,1
BRACKET-09,1
HE-HEAD-100,0
HE-HEAD-101,0
HE-HEAD-3205,1
HE-RING-204,1
HE-RING-205,1
HEAD-28,0
HEAD-31,1
HHEAD12W,0
HRIM8,5,1
LUG-17,1
OSTDLC,1
OSTDSC,0
PHAURORA,1
PHLUNA,1
PHSOL,1
PHSTELLA,1
PSAURORA,1
PSLUNA,1
PSSOL,1
PSSTELLA,1
PSTDSC,1
RING-09,1
RING-11,1
RING-12,1
RING-WKT11NT,1
SB-M-MR-S,0
SDMBK,1
SSR-03,1
STAND-09,1
TCGM14,1
TMGS-F,1
TS-B-15,1
TS-B-46,1
TS-B-56,1
TS-B-57,1
TTF-W,0
TTF-W-S,0
CSBSR09,1
HEAD-33,1
HEAD-49,1
SB-CO-11,1
SSR-04,1
STAND-18,1
TS-B-01,1
BRACKET-11,1
HPS-RP,1
RING-WKT1212N,1
SSR-10,1
SSR-11,1
SSR-13,1
SSR-14,1
SSR-18,0
STDBAG,1
TCGM16-18,1
TCGM20-26,1
TCGM26-32,1
TCGM34-44,1
TCGM44-48,1
TS-B-34,1
TS-B-36,1
TS-B-45,1
TS-C-03,1
TS-G-03,1
HEAD-46,1
HEAD-50,1
HEAD-61,0
LUG-03,1
SB-CO-08N,0
SB-CO-09N,0
TFCBXL,1
TS-B-07,1
TS-B-39,1
TS-B-40,1
BRACKET-10,1
HE-HEAD-103,0
HE-HEAD-3000,0
MHPSB,1
RIM-33,1
RING-WKT1134N,1
SB-CO-11N,0
SESPARE-06,1
SESPARE-07,1
STAND-15,1
STAND-39,1
TS-B-53,1
TS-B-12,1
TS-B-30,1
TTR-18,1
HE-HEAD-104,0
STAND-10,1
TS-B-35,1
HEAD-60,1
TS-B-11,0
TS-B-29,1