"Kod";"Stav"
"AZFLF-S2BS";1
"AZFLF-S2S";1
"AZFLF-S3BS";1
"AZFLF-S3S";1
"AZFLF-Z3BS";0
"AZFLF-Z3S";1
"AZFLH-S2S-1";0
"AZFLH-Z1S";0
"AZFLH-Z2S";1
"AZKB23";1
"AZKB23B";1
"AZKC21";1
"AZKC21B";1
"AZS2E";1
"AZS2RBE";0
"AZS2RBI";1
"AZS2RE";1
"AZS2RI";1
"AZS3E";0
"AZS3RBE";0
"AZS3RBE-A";1
"AZS3RBE-C";1
"AZS3RBI";1
"AZS3RE";1
"AZS3RI";1
"AZZ1E";1
"AZZ1RBE";1
"AZZ1RE";1
"AZZ1RI";1
"AZZ2E";1
"AZZ2RBE";0
"AZZ2RBI";1
"AZZ2RE";1
"AZZ2RE-A";1
"AZZ2RI";1
"AZZ3E";0
"AZZ3RBE";1
"AZZ3RBE-C";1
"AZZ3RBI";1
"AZZ3RE";1
"AZZ3RI";1
"BA113+";1
"BA114";1
"BA114+";1
"BA115";1
"BA115+";1
"BA116";1
"BA116+";0
"BA124";1
"BA124+";1
"BA125";1
"BA125+";0
"BA126";1
"BA126+";0
"BA127";0
"BA127+";0
"BA128";0
"BA128+";1
"BA134";1
"BA134+";0
"BA135";0
"BA135+";0
"BA136";0
"BA136+";0
"BA137";0
"BA137+";0
"BA138";0
"BA138+";0
"BA13LA4+";0
"BA13LA5";0
"BA13LA5+";1
"BA13LA6";1
"BA13LA6+";1
"BA13LA7";1
"BA13LA7+";1
"BA13LA8";1
"BA13LA8+";1
"BA13RG7+";1
"BA13RG8+";0
"BA13RG9+";1
"BA13V4";1
"BA13V4+";1
"BA13V5";1
"BA13V5+";0
"BA13V6";1
"BA13V6+";0
"BA13V7";0
"BA13V7+";0
"BA13V8";1
"BA13V8+";1
"BA13V9+";0
"BA144";1
"BA144+";1
"BA145";1
"BA145+";1
"BA146";0
"BA146+";0
"BA147";0
"BA147+";0
"BA148";0
"BA148+";1
"BA184";1
"BA184+";1
"BA185";1
"BA185+";1
"BA186";1
"BA186+";0
"BA187";1
"BA187+";1
"BA188";1
"BA188+";1
"BA1M6M";1
"BA1M8M";1
"BA245+";1
"BA246+";0
"BA247+";1
"BA248+";1
"BA254+";1
"BA255";1
"BA255+";1
"BA256";0
"BA256+";0
"BA257";0
"BA257+";1
"BA258";1
"BA258+";1
"BA259";0
"BA259+";1
"BA264+";1
"BA269+";1
"BA26FL5+";1
"BA26FL6";1
"BA26FL6+";1
"BA26FL7";1
"BA26FL8";1
"BA26FL8+";0
"BA26FLGV5+";1
"BA26FLGV6";0
"BA26FLGV6+";0
"BA26FLGV7";0
"BA26FLGV7+";0
"BA26FLGV8";1
"BA26FLGV8+";1
"BA26FLGV9";0
"BA26FLGV9+";1
"BA26GV4+";0
"BA26GV5";0
"BA26GV5+";1
"BA26GV6";0
"BA26GV6+";0
"BA26GV7";1
"BA26GV7+";0
"BA26GV8";0
"BA26GV8+";0
"BA26GV9";1
"BA26GV9+";1
"BA26NY4+";1
"BA26NY5";1
"BA26NY5+";1
"BA26NY6";0
"BA26NY6+";1
"BA26NY7";1
"BA26NY7+";1
"BA26NY8";1
"BA26NY8+";1
"BA26NY9";1
"BA26NY9+";1
"BA26RG7+";1
"BA26RG9+";1
"BA26V4+";1
"BA26V5";1
"BA26V5+";1
"BA26V6";1
"BA26V6+";1
"BA26V7";1
"BA26V7+";0
"BA26V8";1
"BA26V8+";1
"BA26V9";0
"BA26V9+";1
"BA274+";1
"BA275";1
"BA275+";1
"BA276";0
"BA276+";0
"BA277";0
"BA277+";0
"BA278";1
"BA278+";1
"BA279";1
"BA279+";1
"BA2GM5M";0
"BA2GM6M";0
"BA2GM7M";1
"BA2L10L";0
"BA2L10M";0
"BA2L10S";0
"BA2L4L";0
"BA2L4M";0
"BA2L4S";0
"BA2L5L";0
"BA2L5M";0
"BA2L5S";0
"BA2L6L";0
"BA2L6M";0
"BA2L6S";0
"BA2L7L";0
"BA2L7M";0
"BA2L7S";0
"BA2L8L";0
"BA2L8M";0
"BA2L8S";0
"BA2M5L";0
"BA2M5M";0
"BA2M5M-2";0
"BA2M5S";0
"BA2M6L";0
"BA2M6M";0
"BA2M6M-2";0
"BA2M6S";0
"BA2M7L";0
"BA2M7M";0
"BA2M7M-2";0
"BA2M7S";0
"BA2M8L";0
"BA2M8M";0
"BA2M8S";0
"BA2M9M";0
"BA2NY5M";0
"BA2NY6M";0
"BA2NY7M";0
"BA2NY8M";0
"BA2S10L";0
"BA2S10M";0
"BA2S10S";0
"BA2S4L";0
"BA2S4M";0
"BA2S4S";0
"BA2S5L";0
"BA2S5M";0
"BA2S5S";0
"BA2S6L";0
"BA2S6M";0
"BA2S6S";0
"BA2S7L";0
"BA2S7M";0
"BA2S7S";0
"BA2S8L";0
"BA2S8M";0
"BA2S8S";1
"BA356J";0
"BA357J";1
"BA366J";1
"BA367J";1
"BA368J";0
"BA3GM5M";1
"BA3GM6M";0
"BA3GM7M";0
"BA3M10M";0
"BA3M4L";0
"BA3M4M";1
"BA3M4S";1
"BA3M5M";0
"BA3M6M";0
"BA3M7M";0
"BA3M8M";0
"BA3M9M";1
"BA4M10M";0
"BA4M5M";1
"BA4M6M";1
"BA4M7M";1
"BA4M8M";1
"BA4M9M";0
"BA8M10M";0
"BA8M5M";0
"BA8M6M";0
"BA8M6S";1
"BA8M7M";0
"BA8M8M";1
"BA8M9M";0
"CDBLASTCL16";0
"CDBLASTCL18";0
"CDBLASTCL20";0
"CDBLASTCL22";0
"CDBLASTCL24";0
"CDBLASTCT18";0
"CDBLASTCT20";0
"CDBLASTCT22";0
"CDBLASTCT24";0
"CDBOOMERSNR13";0
"CDBOOMERSNR14";0
"CDBOOMERTOM10";0
"CDBOOMERTOM12";0
"CDBOOMERTOM13";0
"CDBOOMERTOM14";0
"CDBOOMERTOM15";0
"CDBOOMERTOM16";0
"CDBOOMERTOM18";0
"CDBOOMERTOM6";0
"CDBOOMERTOM8";0
"CDBPATCH1";0
"CDBPATCHDBL";0
"CDBPATCHTHIN";0
"CDBRASSSW13";0
"CDBRASSSW14";0
"CDCYMFEL";0
"CDDNACL06";0
"CDDNACL08";0
"CDDNACL10";0
"CDDNACL101214";0
"CDDNACL10121420";0
"CDDNACL101216";0
"CDDNACL12";0
"CDDNACL121316";0
"CDDNACL12131622";0
"CDDNACL13";0
"CDDNACL14";0
"CDDNACL15";0
"CDDNACL16";0
"CDDNACL18";0
"CDDNACT06";0
"CDDNACT08";0
"CDDNACT10";0
"CDDNACT101214";0
"CDDNACT10121420";0
"CDDNACT101216";0
"CDDNACT10121622";0
"CDDNACT12";0
"CDDNACT121316";0
"CDDNACT12131622";0
"CDDNACT13";0
"CDDNACT14";0
"CDDNACT14PK20";0
"CDDNACT15";0
"CDDNACT16";0
"CDDNACT18";0
"CDEBLR16";0
"CDEBLR18";0
"CDEBLR20";0
"CDEBLR22";0
"CDEWHR16";0
"CDEWHR18";0
"CDEWHR20";0
"CDEWHR22";0
"CDEWHR24";0
"CDGCL123";0
"CDGCL125";0
"CDGCL133";0
"CDGCL135";0
"CDGCL143";0
"CDGCL145";0
"CDGENCL08";0
"CDGENCL10";0
"CDGENCL101214";0
"CDGENCL10121420";0
"CDGENCL101216";0
"CDGENCL10121622";0
"CDGENCL12";0
"CDGENCL121316";0
"CDGENCL12131622";0
"CDGENCL13";0
"CDGENCL14";0
"CDGENCL15";0
"CDGENCL16";0
"CDGENCL18";0
"CDGENCT08";0
"CDGENCT10";0
"CDGENCT101214";0
"CDGENCT10121420";0
"CDGENCT101216";0
"CDGENCT10121622";0
"CDGENCT12";0
"CDGENCT121316";0
"CDGENCT12131622";0
"CDGENCT13";0
"CDGENCT14";0
"CDGENCT14PK20";0
"CDGENCT15";0
"CDGENCT16";0
"CDGENCT18";0
"CDLAWCL06";0
"CDLAWCL08";0
"CDLAWCL10";0
"CDLAWCL101214";0
"CDLAWCL10121420";0
"CDLAWCL101216";0
"CDLAWCL10121622";0
"CDLAWCL12";0
"CDLAWCL121316";0
"CDLAWCL12131622";0
"CDLAWCL13";0
"CDLAWCL14";0
"CDLAWCL15";0
"CDLAWCL16";0
"CDLAWCL18";0
"CDMACH1014";0
"CDORIGCL06";0
"CDORIGCL08";0
"CDORIGCL10";0
"CDORIGCL12";0
"CDORIGCL13";0
"CDORIGCL14";0
"CDORIGCL15";0
"CDORIGCL16";0
"CDORIGCL18";0
"CDORIGCT06";0
"CDORIGCT08";0
"CDORIGCT10";0
"CDORIGCT12";0
"CDORIGCT13";0
"CDORIGCT14";0
"CDORIGCT15";0
"CDORIGCT16";0
"CDORIGCT18";0
"CDPHOENIXX2";0
"CDPRTHLBL41";0
"CDPRTHLBL51";0
"CDPRTHLBL61";0
"CDPRTHLWH41";0
"CDPRTHLWH51";0
"CDPRTHLWH61";0
"CDRADCL16";0
"CDRADCL18";0
"CDRADCL20";0
"CDRADCL22";0
"CDRADCL24";0
"CDRADCT16";0
"CDRADCT18";0
"CDRADCT20";0
"CDRADCT22";0
"CDRADCT24";0
"CDRIB4";0
"CDRRCL08";0
"CDRRCL10";0
"CDRRCL101214";0
"CDRRCL10121420";0
"CDRRCL101216";0
"CDRRCL10121622";0
"CDRRCL12";0
"CDRRCL121316";0
"CDRRCL12131622";0
"CDRRCL13";0
"CDRRCL14";0
"CDRRCL15";0
"CDRRCL16";0
"CDRRCL18";0
"CDSOUND132";0
"CDSOUND142";0
"CDSTERCT13";0
"CDSTERCT14";0
"CDSTERCT14PK20";0
"CDTRSWH13";0
"CDTRSWH14";0
"CDTRSWH14PK20";0
"CDZCT13";0
"CDZCT14";0
"CDZCT14PK20";0
"DGTBADDERMONKEY";1
"DGTBASSWHAMMYV01";1
"DGTBIFET410";1
"DGTBONESHAKER";1
"DGTCARCOSA";1
"DGTCHTHONIC";1
"DGTCOMP280";1
"DGTDROPV01";1
"DGTENVELOP440";1
"DGTFREQOUTV00";1
"DGTFS3XV";1
"DGTGONKULATOR";1
"DGTGUNSLINGER";1
"DGTHAMMERONV04";1
"DGTJMSHD";0
"DGTLOOKINGGLASS";1
"DGTMEATBOX";1
"DGTMINIEXP";1
"DGTMINIVOL";1
"DGTMOSAICV01";1
"DGTODP250";1
"DGTODP250X";1
"DGTPHASOR201";1
"DGTPS0913DC01";1
"DGTPS0913DC04";1
"DGTRICOCHETV00";1
"DGTRUBBERNECKV00";1
"DGTSDRUMPK";0
"DGTSDRUMV04";0
"DGTTRIOPLUSPK";0
"DGTTRIOPLUSV04";1
"DGTWHAMMYDTV01";0
"DGTWHAMMYMN";1
"DGTWHAMMYV01";0
"DP0107-0604WH";1
"DP0107-0805L";1
"DP0107-1006L";1
"DP0107-1208L";1
"DP0107-1308L";1
"DP0107-14081L";1
"DP0109-14102X";0
"DP0109-1410X";0
"DP0138-1412";1
"DP0138-14122NA";0
"DP0138-14122NWHA";0
"DP0138-1412WH";0
"DP0138-777";1
"DP0138-777WH";0
"DP0150-0805WH";0
"DP0150-1006WH";0
"DP0150-1208WH";0
"DP0150-1308WH";0
"DP0166-1800A-PB";0
"DP0166-2000A-PB";1
"DP0166-2200A-PB";0
"DP0166-2400A-PB";1
"DP0166-2600A-PB";1
"DP0166-2800A-PB";1
"DP0168-2000WH";0
"DP0168-2200WH";0
"DP0168-2400WH";0
"DP0168-2600WH";0
"DP0226-314BT3-MPN";1
"DP0246-314SS-MPN";0
"DP0630";1
"DP068ST-13";1
"DP0698-795AW";0
"DP0698A";0
"DP0710-VD45NA";0
"DP0712-VC45A";1
"DP0714-VD45NA";1
"DP1224-045";1
"DP13L1033P";0
"DP14L0016C";0
"DP14L1013P";0
"DP14L1028P";0
"DP14Q6006P";1
"DP1800-045";1
"DP3108-045";1
"DPC1PYAX130025";1
"DPC1PYAX130029";1
"DPEPP-010MH";0
"DPEPP-010MN";0
"DPEPP-012MN";0
"DPG025-501A";1
"DPG330-301A";1
"DPJZ0800170A";1
"DPM010-020";0
"DPM092-892WH";0
"DPMHBK9350-T04B";0
"DPMHBK9350-T05A";0
"DPMHBK9350-T05B";0
"DPMHBK9350-T05C";1
"DPMHBK9350-T05D";0
"DPMHBK9350-T05E";0
"DPMHBK9350-T05F";0
"DPMHBK9350-T05G";0
"DPMHBK9350-T06C";0
"DPMHBK9350-T06D";0
"DPMHBK9350-T06E";0
"DPMHBK9350-T06F";0
"DPMHBK9350-T06G";0
"DPMHBK9350-T54A";0
"DPMHBK9350-T55A";0
"DPMHBK9350-T55C";0
"DPMHBK9350-T55D";0
"DPMHBK9350-T55F";0
"DPMHBK9350-T55G";0
"DPMHBK9350-T56C";0
"DPMHBK9350-T56D";0
"DPMHBK9350-T56G";0
"DPMSR-105A";1
"DPMVSA";1
"DPP131-909A";0
"DPP13L1007B";1
"DPP2402-330";1
"DPP90SY156BY";1
"DPPBM5533-D02A";1
"DPPBM5533-D02B";1
"DPPBM5533-D03A";1
"DPPBM5533-D03B";1
"DPPBM5533-D03C";1
"DPPBM5533-D03E";1
"DPPBM5533-D03F";1
"DPPBM5533-D04A";1
"DPPBM5533-D04C";1
"DPPBM5533-D04D";0
"DPPBM5533-D04E";1
"DPPBM5533-D04F";1
"DPPBM5533-D04G";1
"DPPBM5533-D05A";1
"DPPBM5533-D05B";0
"DPPBM5533-D05C";0
"DPPBM5533-D05D";0
"DPPBM5533-D05F";0
"DPPBM5533-D05G";1
"DPPBM5533-D06C";0
"DPPBM5533-D52A";1
"DPPBM5533-D53A";1
"DPPBM5533-D53C";1
"DPPBM5533-D53D";1
"DPPBM5533-D53F";1
"DPPBM5533-D53G";1
"DPPBM5533-D54A";1
"DPPBM5533-D54C";1
"DPPBM5533-D54D";0
"DPPBM5533-D54F";1
"DPPBM5533-D54G";1
"DPPBM5533-D55A";0
"DPPBM5533-D55C";0
"DPPBM5533-D55D";0
"DPPBM5533-D55F";0
"DPPBM5533-D55G";0
"DPPBM5533-DAA";0
"DPPBM5550-R02A";0
"DPPBM5550-R02B";0
"DPPBM5550-R02C";0
"DPPBM5550-R02D";1
"DPPBM5550-R02E";0
"DPPBM5550-R02F";0
"DPPBM5550-R02G";0
"DPPBM5550-R03A";0
"DPPBM5550-R03B";0
"DPPBM5550-R03C";0
"DPPBM5550-R03D";0
"DPPBM5550-R03E";0
"DPPBM5550-R03F";0
"DPPBM5550-R03G";0
"DPPBM5550-R04A";0
"DPPBM5550-R04B";0
"DPPBM5550-R04C";0
"DPPBM5550-R04D";0
"DPPBM5550-R04E";0
"DPPBM5550-R04F";0
"DPPBM5550-R04G";0
"DPPBM5550-R05C";1
"DPPBM5550-R52F";1
"DPPBM6543-D02A";1
"DPPBM6543-D02B";1
"DPPBM6543-D03A";1
"DPPBM6543-D03B";1
"DPPBM6543-D03C";1
"DPPBM6543-D03D";1
"DPPBM6543-D03E";1
"DPPBM6543-D03F";1
"DPPBM6543-D03G";1
"DPPBM6543-D04A";1
"DPPBM6543-D04B";1
"DPPBM6543-D04C";1
"DPPBM6543-D04D";1
"DPPBM6543-D04E";1
"DPPBM6543-D04F";1
"DPPBM6543-D04G";1
"DPPBM6543-D05A";1
"DPPBM6543-D05B";1
"DPPBM6543-D05C";1
"DPPBM6543-D05D";1
"DPPBM6543-D05E";1
"DPPBM6543-D05F";1
"DPPBM6543-D05G";1
"DPPBM6543-D06A";1
"DPPBM6543-D06B";1
"DPPBM6543-D06C";1
"DPPBM6543-D06D";1
"DPPBM6543-D06E";1
"DPPBM6543-D06F";1
"DPPBM6543-D06G";1
"DPPBM6543-D07C";1
"DPPBM6543-D52A";1
"DPPBM6543-D53A";1
"DPPBM6543-D53C";1
"DPPBM6543-D53D";1
"DPPBM6543-D53F";1
"DPPBM6543-D53G";1
"DPPBM6543-D54A";1
"DPPBM6543-D54C";1
"DPPBM6543-D54D";1
"DPPBM6543-D54F";1
"DPPBM6543-D54G";1
"DPPBM6543-D55A";1
"DPPBM6543-D55C";1
"DPPBM6543-D55D";1
"DPPBM6543-D55F";1
"DPPBM6543-D55G";1
"DPPBM6543-D56A";1
"DPPBM6543-D56C";1
"DPPBM6543-D56D";1
"DPPBM6543-D56F";1
"DPPBM6543-D56G";1
"DPPBM6543-DAA";0
"DPPBM6543-R02A";1
"DPPBM6543-R02B";1
"DPPBM6543-R03A";1
"DPPBM6543-R03B";1
"DPPBM6543-R03C";1
"DPPBM6543-R03D";1
"DPPBM6543-R03E";1
"DPPBM6543-R03F";1
"DPPBM6543-R03G";1
"DPPBM6543-R04A";1
"DPPBM6543-R04B";1
"DPPBM6543-R04C";1
"DPPBM6543-R04D";1
"DPPBM6543-R04E";1
"DPPBM6543-R04F";0
"DPPBM6543-R04G";1
"DPPBM6543-R05A";1
"DPPBM6543-R05B";1
"DPPBM6543-R05C";1
"DPPBM6543-R05D";1
"DPPBM6543-R05E";1
"DPPBM6543-R05F";1
"DPPBM6543-R05G";1
"DPPBM6543-R06A";1
"DPPBM6543-R06B";1
"DPPBM6543-R06C";1
"DPPBM6543-R06D";1
"DPPBM6543-R06E";1
"DPPBM6543-R06F";1
"DPPBM6543-R06G";1
"DPPBM6543-R07C";1
"DPPBM6543-R52A";1
"DPPBM6543-R53A";1
"DPPBM6543-R53C";1
"DPPBM6543-R53D";1
"DPPBM6543-R53F";1
"DPPBM6543-R53G";1
"DPPBM6543-R54A";1
"DPPBM6543-R54C";1
"DPPBM6543-R54D";1
"DPPBM6543-R54F";1
"DPPBM6543-R54G";1
"DPPBM6543-R55A";1
"DPPBM6543-R55C";1
"DPPBM6543-R55D";1
"DPPBM6543-R55F";1
"DPPBM6543-R55G";1
"DPPBM6543-R56A";1
"DPPBM6543-R56C";1
"DPPBM6543-R56D";1
"DPPBM6543-R56F";1
"DPPBM6543-R56G";1
"DPPBM8550-F02CY";0
"DPPBM8550-F02D";1
"DPPBM8550-F02E";1
"DPPBM8550-F02F";1
"DPPBM8550-F02GY";1
"DPPBM8550-F03C";0
"DPPBM8550-F52CY";1
"DPPBM8550-F52DY";1
"DPPBM8550-FAA";0
"DPPBM8650-R02A";1
"DPPBM8650-R02C";0
"DPPBM8650-R02D";1
"DPPBM8650-R02E";1
"DPPBM8650-R02F";1
"DPPBM8650-R02G";1
"DPPBM8650-R03C";1
"DPPBM8650-R06F";1
"DPPBM8650-R52C";1
"DPPBM8650-R52D";1
"DPPBM8650-R52F";1
"DPPBM8650-R53C";1
"DPPBM8650-R54C";1
"DPPBM8650-R54G";1
"DPPBM8650-R56G";1
"DPPBX6535-D04A";1
"DPPBX6535-D04B";1
"DPPBX6535-D04F";1
"DPPBX6535-D04G";1
"DPPBX6535-D05A";1
"DPPBX6535-D05B";1
"DPPBX6535-D05C";1
"DPPBX6535-D05D";1
"DPPBX6535-D05E";1
"DPPBX6535-D05F";1
"DPPBX6535-D05G";1
"DPPBX6535-D06A";1
"DPPBX6535-D06B";1
"DPPBX6535-D06C";1
"DPPBX6535-D06D";1
"DPPBX6535-D06E";1
"DPPBX6535-D06F";1
"DPPBX6535-D06G";1
"DPPBX6535-D07A";1
"DPPBX6535-D07B";1
"DPPBX6535-D07C";1
"DPPBX6535-D07D";1
"DPPBX6535-D07E";1
"DPPBX6535-D07F";1
"DPPBX6535-D07G";1
"DPPBX6535-D08C";1
"DPPBX6535-D54A";1
"DPPBX6535-D54F";1
"DPPBX6535-D54G";1
"DPPBX6535-D55A";1
"DPPBX6535-D55C";1
"DPPBX6535-D55D";1
"DPPBX6535-D55F";1
"DPPBX6535-D55G";1
"DPPBX6535-D56A";1
"DPPBX6535-D56C";1
"DPPBX6535-D56D";1
"DPPBX6535-D56F";1
"DPPBX6535-D56G";1
"DPPBX6535-D57A";1
"DPPBX6535-D57C";1
"DPPBX6535-D57D";1
"DPPBX6535-D57F";1
"DPPBX6535-D57G";1
"DPPBX6535-DAA";0
"DPPBX6535-F55AY";0
"DPPBX6535-R06C";0
"DPPBX6535-R07C";0
"DPPBX6535-R55A";0
"DPPBX6535-RAA";0
"DPPBX8540-R04G";0
"DPPBX8540-R07E";0
"DPPBX8540-R55D";0
"DPPBX8540-R55G";0
"DPPBX8540-R56C";0
"DPPBX8540-R56D";0
"DPPBX8540-R57F";0
"DPPBX8540-RAA";0
"DPPC1618-370A";1
"DPPC6518-021";1
"DPPC6518-258";1
"DPPC6618-505";1
"DPPCC1518A";0
"DPPCC1618A";0
"DPPCC6518A";1
"DPPCC6618A";0
"DPPCC8622A";1
"DPPF420-135A";1
"DPPF420-136A";1
"DPPF420-138A";1
"DPPF450-301";1
"DPPF450-533B";1
"DPPF704-575";1
"DPPFB2525-1568";1
"DPPFB3525-301";1
"DPPFM650-101BA";1
"DPPFM650-102BA";0
"DPPFM650-137B";0
"DPPFM650-139B";0
"DPPFM650-140B";0
"DPPFM650-149A01BA";0
"DPPFM650-149A02BA";0
"DPPFM650-149A03BA";0
"DPPFM650-149A04BA";0
"DPPFM650-301";1
"DPPFM6543-141";1
"DPPFM6543-533B";1
"DPPFV6530-319";1
"DPPFV6530-3201";1
"DPPFV7530-061";1
"DPPFV7530-786";0
"DPPFX5535-301";1
"DPPFX5535-301A";1
"DPPFX5535-533";1
"DPPGC26-252A";1
"DPPL8650-938";1
"DPPLM6543-024B";1
"DPPLM6543D-002A";0
"DPPLTBS-28A";0
"DPPLTBS-627A";0
"DPPLV6530-207";1
"DPPLX4525D-001A";1
"DPPMP20-001KC";0
"DPPMP20-199LAN";1
"DPPMP20-199RAN";1
"DPPMP23-001KC";1
"DPPMP23-199LAN";1
"DPPMP23-199RAN";1
"DPPMP26-001KC";0
"DPPMP26-040BN";1
"DPPMP26-041B";1
"DPPMP26-043";1
"DPPMP26-12A";1
"DPPMP26-12B";1
"DPPMP26-12C";0
"DPPMP26-12D";1
"DPPMP26-12E";1
"DPPMP26-12F";0
"DPPMP26-12G";1
"DPPMP26-199LAN";1
"DPPMP26-199RAN";1
"DPPMP26-252A";0
"DPPMP26-610A";1
"DPPMP26-610B";1
"DPPMP26-610C";1
"DPPMP26-610D";0
"DPPMP26-610E";0
"DPPMP26-610F";1
"DPPMP26-610G";1
"DPPMP26-620";1
"DPPMP26-640";1
"DPPMP26-785";1
"DPPMP29-001KC";0
"DPPMP29-199LAN";1
"DPPMP29-199RAN";1
"DPPMP32-001KC";1
"DPPMP32-199LAN";1
"DPPMP32-199RAN";1
"DPPMT20-199LAN";1
"DPPMT20-199RAN";1
"DPPMT23-199LAN";0
"DPPMT23-199RAN";1
"DPPMT26-011LKCK";1
"DPPMT26-011RKCK";1
"DPPMT26-014";1
"DPPMT26-023";1
"DPPMT26-023A";1
"DPPMT26-077";1
"DPPMT26-078";1
"DPPMT26-079";1
"DPPMT26-080";0
"DPPMT26-125";1
"DPPMT26-199LAN";0
"DPPMT26-199RAN";1
"DPPMT26-252A";1
"DPPMT26-345";1
"DPPMT26-362KL";1
"DPPMT26-550";1
"DPPMT26-560";1
"DPPMT26-565";1
"DPPMT26-620";1
"DPPMT26-650";1
"DPPMT29-199LAN";1
"DPPMT29-199RAN";1
"DPPMT32-199LAN";1
"DPPMT32-199RAN";1
"DPPMV6530-256A";1
"DPPMV7530-257A";0
"DPPNH080006512";1
"DPPNW060006030";1
"DPPRC-2200-RS";1
"DPPRC-2500-RS";1
"DPPRC-2800-RS";1
"DPPRC-3100-RS";1
"DPPRC-3400-RS";1
"DPPRM5533-A01B";0
"DPPRX2525-A01B";1
"DPPRX5535-A01B";1
"DPPRX6535-A01B";0
"DPPSCPTML0013";1
"DPPSFB32-655BA";1
"DPPSG0800400H";1
"DPPSS32-505A";1
"DPPSS32-938S";1
"DPPT500-B05AB";0
"DPPT500-B05BB";0
"DPPT500-B05CB";0
"DPPT500-B05D";0
"DPPT500-B05EB";0
"DPPT500-B05FB";0
"DPPT500-B05GB";0
"DPPT500-B06CB";0
"DPPT500-B06DB";0
"DPPT500-B06EB";0
"DPPT500-B06FB";0
"DPPT500-B55AB";0
"DPPT500-B55CB";0
"DPPT500-B55DB";0
"DPPT500-B55F";0
"DPPT500-B55GB";0
"DPPT500-B56CB";0
"DPPT500-B56DB";0
"DPPT608-B05AC";0
"DPPT608-B05BC";0
"DPPT608-B05CC";0
"DPPT608-B05DC";0
"DPPT608-B05EB";0
"DPPT608-B05EC";0
"DPPT608-B05FC";1
"DPPT608-B05GC";0
"DPPT608-B06CC";0
"DPPT608-B06DC";0
"DPPT608-B06EC";0
"DPPT608-B06FC";0
"DPPT608-B55AC";0
"DPPT608-B55CC";0
"DPPT608-B55DC";0
"DPPT608-B55FC";0
"DPPT608-B55GC";0
"DPPT608-B56CC";0
"DPPT608-B56DC";0
"DPPTC6518-BA";1
"DPPTI-2200-00";1
"DPPTI-2500-00";1
"DPPTI-2800-00";1
"DPPTI-3100-00";1
"DPPTI-3400-00";1
"DPPV-PPA08-MH";0
"DPPWS10506312";1
"DPSF0400080";1
"DPSF0600450H";1
"DPSF0600640HCS";1
"DPSY0300280V";1
"DPWS07504212";1
"DPWS14008220";0
"FGBILGH3TS";0
"FGBILM3TS";0
"FGBILMBK";0
"FGBILMHCS";0
"FGBMJ2ROLW";1
"FGBMJ2RTBS";0
"FGBOSMAWH";0
"FGBOSMBK";0
"FGBOSMCS";0
"FGBOSMTBS";0
"FGBSTHSSRMBU";0
"FGBSTMBK";1
"FGBSTMOLW";0
"FGBSTR3TS";0
"FGBTLHSRSLM";0
"FGBTLMBS";0
"FGBTLMCAR";1
"FGBTLMHGM";0
"FGDC10RWR";0
"FGEFLEMLTDBPB";0
"FGEILEW1HSRMHCB";0
"FGEILEW2HSRMVNT";1
"FGEILTASHHSRMVNT";1
"FGEILTEW3HSMR";0
"FGEMJ2ASHALMVNT";1
"FGEOS2ALRVSB";1
"FGEOS2ASHMSBB";1
"FGEOS2EW1RMHCB";1
"FGEOS2FMRNBG";1
"FGEOS2FMRRKG";1
"FGEOSDUEW2RMVNT";1
"FGEOSDUEW3EOB";0
"FGEOSDUEW4RMMNF";0
"FGFLFMVV";0
"FGJB100BAHWB";1
"FGJB100MBAHSBB";1
"FGJB100MBAHVNT";1
"FGJB100MBAHVSBB";1
"FGJB100MBAHVVNT";1
"FGJB100RAL3TS";1
"FGJB100RALBK";1
"FGJB100RALV3TS";1
"FGJB100RALVBK";1
"FGJFLFTPBK";0
"FGJIL2ASHMOWB";1
"FGJIL2DUEW2RKNB";0
"FGJIL3ASHDE664OPOG";1
"FGJIL3ASHDE664ROPB";1
"FGJIL73ASHDEROPB";1
"FGJMJ2ALRAZM";1
"FGJMJ2ALRBK";0
"FGJMJ3ASHDEMOPB";1
"FGJMJ3ASHDEMOPOG";1
"FGJMJ52ALRAZM";1
"FGJMJ53ASHDEMOPB";1
"FGJMJ53ASHDEMOPBL";1
"FGJMJ53ASHDEMOPOG";1
"FGJMJASHMSBB";0
"FGJMJASHMVNT";0
"FGJMP2ALRVWH";1
"FGJMP2BASHM";1
"FGJMY3ASHEGGM";1
"FGJMY3ASHEOPB";1
"FGJMY3MHDLEMBK";1
"FGJMY3MHEW1DLEABF";1
"FGJMY73ASHEOPB";1
"FGJOS2TDEW1EDMT";0
"FGJOS2TDMMBU";1
"FGJOS2TDMSP";1
"FGJOSDUEW2RKNB";0
"FGJOSFMRTR";0
"FGLC10RBK68";0
"FGLC10RMPBK";0
"FGLC20EMHBK";0
"FGLS10RFMFCB";0
"FGLS10RMPMBK";1
"FGLS11RMPAG";1
"FGLS20GFCBQ";0
"FGLS30RBFVV";0
"FGLS30WRMS";0
"FGMFAFPJB";0
"FGMFAHHJB";1
"FGMSAHPCBK";0
"FGMSAHPCH";0
"FGMSAHPCWRMS";0
"FGPB100MAHVNT";0
"FGPB100RAL3TS";0
"FGPB100RALBK";0
"FGST100RAL3TS";0
"FGST100RALVWH";0
"FGST110RAL3TS";0
"FGST110RALVWH";0
"FGST200RALBK";0
"FGST200RALPSB";1
"FGST200RALVSB";0
"FGTE100MAHLVNT";1
"FGTE100MAHOWB";0
"FGTE100MAHSBB";1
"FGTE100MAHTLWB";1
"FGTE100MAHTWB";1
"FGTE100MAHVNT";0
"FGTE110MMHTNT";1
"FGTE110MMHTTBL";1
"FGTE210RAH2TS";1
"FGTE210RAHBK";1
"FGTE210RAHSBB";1
"HSADINA109";0
"HSADINA116";0
"HSADINA15";0
"HSADINA72";1
"HSALVAR04";0
"HSALVAR09";0
"HSALVAR70";1
"HSALVARLH70";1
"HSBGB40";1
"HSBGB41";1
"HSBGE19";1
"HSBGE20";1
"HSBGE24";1
"HSBGE25";1
"HSBGE26";1
"HSBGE30";1
"HSC47";0
"HSC50";1
"HSC51";1
"HSC52";1
"HSC53";0
"HSC54";1
"HSC55";0
"HSC56";1
"HSC57";1
"HSCB60";1
"HSCB62";0
"HSCB63";1
"HSCB70";1
"HSDAG2CE";0
"HSFANTOMEN02";1
"HSFANTOMEN09";1
"HSFANTOMEN18";0
"HSFANTOMEN41";1
"HSFANTOMEN76";1
"HSFANTOMEN79";1
"HSFANTOMENCUST02";1
"HSFANTOMENCUST09";1
"HSFANTOMENLH02";0
"HSH8204";1
"HSH8209";1
"HSH8218";1
"HSHJ50001";1
"HSHJ50009";1
"HSHJ80005";1
"HSHL55003";0
"HSKRO7BBD";1
"HSKRO7BCC";1
"HSKRO7SBK";1
"HSKROBBD";1
"HSKROBCC";1
"HSKROSBK";1
"HSMEGIN09";0
"HSMEGIN102";0
"HSMEGIN15";1
"HSMEGIN61";0
"HSMOC2CE";0
"HSNEKROMANT402";1
"HSNEKROMANT409";0
"HSNEKROMANT418";1
"HSNEKROMANT502";0
"HSNEKROMANT509";1
"HSNEKROMANT518";1
"HSNEKROMANTLH409";1
"HSNEKROMANTLH509";1
"HSPASS09";1
"HSSID2CETS";0
"HSSUSWEB03";1
"HSSUSWEB09";0
"HSSUSWEMK329";1
"HSSUSWEMK372";0
"HSSUSWEMK374";0
"HSSUSWEMK375";1
"HSSUSWEMKLH329";1
"HSSUVIK04";1
"HSSUVIK09";1
"HSSUVIK18";1
"HSSUVIK57";1
"HSSUVIK60";1
"HSSUVIK95";1
"HSSUVIKL04";1
"HSSWEB02";1
"HSSWEB04";1
"HSSWEB09";1
"HSSWEB18";0
"HSSWEBL04";1
"HSSWEMK329";1
"HSSWEMK371";0
"HSSWEMK372";1
"HSSWEMK373";1
"HSSWEMKLH371";1
"HSULSWE09";0
"HSULSWE25";1
"HSULSWE41";0
"HSULSWE76";0
"HSULSWE79";1
"HSULSWEL41";0
"HSULTRAMAX107+BGE20";0
"HSULTRAMAX111+BGE20";0
"HSULTRAMAX112+BGE20";0
"HSULTRAMAX113+BGE20";0
"HSULTRAMAX42";0
"HSULTRAMAX43";1
"HSULTRAMAX67";1
"HSULTRAMAX68";1
"HSULTRAMAX69";0
"HSULTRAMAX72";0
"HSULTRAMAX79S";1
"HSULTRAMAXLH68";1
"HSVHJ50009";1
"HSVIDLX1204";1
"HSVIDLX1209";1
"HSVIDLXBA09";0
"HSVIDLXBA18";1
"HSVIDLXBA41";1
"HSVIDLXBALH09";1
"HSVIK02";1
"HSVIK04";1
"HSVIK09";0
"HSVIK09TR";1
"HSVIK100BLW";0
"HSVIK100DWT";0
"HSVIK100PTN";0
"HSVIK18";1
"HSVIK6704";1
"HSVIK6709";1
"HSVIK67LH04";1
"HSVIKB02";1
"HSVIKB04";1
"HSVIKB09";0
"HSVIKB18";1
"HSVIKBL18";1
"HSVIKL04";1
"HSVIKL09";1
"HSVVIDLXBA09";1
"HSVVIDLXBA18";1
"HSVVIKDL04";1
"HSVVIKDL09";0
"HSVVIKDL77";1
"JAF1000";1
"JAF1000E";1
"JAF1000X";1
"JAF1000XE";1
"JAF1100E";1
"JAF1100XE";1
"JAH700";1
"JAH700S";1
"JAS1100BAQ";1
"JAS1100NBQ";1
"JAS1100Q";0
"JAS1100SGQ";0
"JAS1100SQ";1
"JAS1100TSQ";1
"JAS1150Q";0
"JAS1150SGQ";0
"JAS1150SQ";0
"JAS500Q";0
"JAS510A";1
"JAS510Q";1
"JAS510Q-3";0
"JAS700Q";1
"JBC1000NQ";1
"JBC1000SQ";1
"JBF1000";1
"JBF1100E";1
"JBM-12C";0
"JBM-24AW";1
"JBM-25B";0
"JBM-5G";1
"JBM-65AL";1
"JBM-AL";1
"JBM-CR7C";1
"JBM-FH7C";0
"JBM-HR10";1
"JBM-HR3";1
"JBM-L15G";1
"JBM-L5G";1
"JBM-L65AL";1
"JBM-MP7B";1
"JBM-MP7CH";1
"JBM-TR105C";1
"JBM-TR15C";0
"JBM-TR3C";1
"JBM-TR5C";1
"JBM-TR7C";1
"JBR1000M";0
"JBR1000MN";0
"JBR1000MS";1
"JBR1101M";1
"JBR1101MS";1
"JBR700";1
"JBR700S";1
"JBR730";1
"JBR730S";0
"JBS1000";1
"JBS1100";0
"JBS1100SG";1
"JCF1000";1
"JCL1100DSQ";1
"JCL1100SQ";1
"JCL700DNQ";1
"JCL700DSQ";1
"JCL700NA";0
"JCL700NQ";0
"JCL700SA";1
"JCL700SQ";1
"JCL750SA";1
"JCL750SQ";1
"JCM-BMPB1";1
"JCM-BVCB1";1
"JCM-CG2";1
"JCM-CLK1";1
"JCM-CLS01";1
"JCM-EPWR1N";1
"JCM-FLK1";0
"JCM-FLS01";1
"JCM-KO2";0
"JCM-PC01";1
"JCM-PC02";1
"JCM-SL1";0
"JCM-SLBB1";1
"JCM-SLK1";1
"JCM-SPKB1";1
"JCM-SPKW1";1
"JCM-SXK1";1
"JCM-SXS01";1
"JCM-TC01";1
"JCM-TRBB1";1
"JCM-TRK1";1
"JCM-VO2";0
"JCM-WMPB1";1
"JCR1100Q";1
"JCR1100RQ";1
"JCR1100RSQ";1
"JCR1100SQ";1
"JCR700Q";1
"JCR700RQ";0
"JCR700SQ";1
"JCR700UQ";0
"JCR700USQ";1
"JE0B524S01";1
"JE0E5420";1
"JE0H446BA1";0
"JE0N273W02";1
"JE11-A201N";0
"JE11-A401N";1
"JE11-B0026L-JU";0
"JE11-B0026S-JU";0
"JE11-B0035S";0
"JE11-B007L";0
"JE11-B025L";0
"JE11-B025S";1
"JE11-F0005N";1
"JE11-F002L";1
"JE11-F002N";0
"JE11-F003L";1
"JE11-F003S";1
"JE11-F1002L";1
"JE11-F101L";1
"JE11-F2003N";1
"JE11-G603N";1
"JE11-G604N";1
"JE11-H203N";1
"JE11-K106N";1
"JE11-K107N";1
"JE11-K302L";0
"JE11-K401N";1
"JE11-K702L";1
"JE11-K705N";0
"JE11-K705S";1
"JE11-K706L";1
"JE11-M0006S";1
"JE11-M0007L";1
"JE11-M0010S";1
"JE11-M0011L";1
"JE11-M303L";0
"JE11-M303S";0
"JE11-M306L";1
"JE11-P0004";1
"JE11-P0005";0
"JE11-P0006";1
"JE11-P0010";0
"JE11-P0011";0
"JE11-P0012";0
"JE11-P0402N";1
"JE11-P041N";1
"JE11-P042N";1
"JE11-P043N";1
"JE11-P043S";1
"JE11-P045";1
"JE11-P1006N";1
"JE11-P1006S";1
"JE11-P302N";1
"JE11-P304";1
"JE11-P503";1
"JE11-P6001";1
"JE11-P803";1
"JE11-R001L";1
"JE11-R002S";1
"JE11-R020L";1
"JE11-R1005";1
"JE11-R202L";1
"JE11-U201L";1
"JE11-V062N";1
"JE11-V063N";1
"JE11-V2001";1
"JE11-V204";1
"JE11-V407N";1
"JE11-V408N";1
"JE11-X0003L";0
"JE11-X0057L";1
"JE11-X0058L";1
"JE11-X0059L";0
"JE11-X005L";0
"JE11-X0062L";0
"JE11-X0224S";0
"JE11-X0226L";1
"JE11-X028S";1
"JE11-X0402L";1
"JE11-X0402S";0
"JE11-X0419L";0
"JE11-X0420L";1
"JE11-X047L";1
"JE11-X0617L";1
"JE11-X0627L";0
"JE11-X0629L";1
"JE11-X074L";0
"JE11-X0E1L";0
"JE11-X1004GL";1
"JE11-X1006GL";1
"JE12-G601N";1
"JE12-P0001";1
"JE12-R006L";1
"JE12-R011L";1
"JE12-X004L";1
"JE12-X061L";0
"JE12-X061S";0
"JE13-P0001";1
"JE13-T409L";1
"JE13-X001L";1
"JE14-C002S";0
"JE14-C103K";1
"JE14-C3002";0
"JE14-C401L";0
"JE14-C601";1
"JE14-F002N";1
"JE14-M008L";1
"JE14-M009L";1
"JE14-M012L";1
"JE14-M103S-XO";0
"JE14-M502N";0
"JE14-V302N";1
"JE14-X0202L";1
"JE14-X0204L";1
"JE14-X025L";1
"JE14-X0402L";1
"JE14-X0402S";0
"JE14-X0602L";0
"JE14-X0602S";0
"JE14-X064L";1
"JE14-X1004L";1
"JE14-X1005L";1
"JE21-B013L";0
"JE21-C0005N";1
"JE21-C0006K";1
"JE21-C0009N";0
"JE21-C008N";1
"JE21-C015L";1
"JE21-C017N";1
"JE21-C018N";1
"JE21-C019N";0
"JE21-C6003N";1
"JE21-C6003S";0
"JE21-C6004";1
"JE21-C607N";1
"JE21-C611N";1
"JE21-C9001S";0
"JE21-F001L";1
"JE21-F401";1
"JE21-F6001";1
"JE21-K0002N";1
"JE21-K002L";1
"JE21-K1004N";1
"JE21-K1005N";1
"JE21-K301L";1
"JE21-K402N";0
"JE21-K702L";1
"JE21-K703L";1
"JE21-L106L";1
"JE21-M204";1
"JE21-M206L";0
"JE21-M305";1
"JE21-M306";0
"JE21-N0003L";1
"JE21-N105L";1
"JE21-N2005L";1
"JE21-N4001L";1
"JE21-N401L";1
"JE21-PR001L";0
"JE21-PR001S";0
"JE21-R0024L";1
"JE21-R008L";1
"JE21-R010L";1
"JE21-R059L";0
"JE21-R402";0
"JE21-R403L";1
"JE21-R6001N";1
"JE21-S112";0
"JE21-S6003";1
"JE21-U107L";1
"JE21-U108S";0
"JE21-U110L";1
"JE21-V4002N";1
"JE21-V402N";1
"JE21-X005L";1
"JE21-X005S";0
"JE21-X008L";1
"JE21-X009L";0
"JE21-X0101L";1
"JE21-X0105L";0
"JE21-X0113L";1
"JE21-X0114L";1
"JE21-X0119L";1
"JE21-X012L";1
"JE21-X013L";1
"JE21-X014L";1
"JE21-X017L";1
"JE21-X018L";1
"JE21-Y0009L";1
"JE21-Y002L";1
"JE21-Y003L";0
"JE21-Y007N";1
"JE21-Y205L";1
"JE21-Y205S";1
"JE21-Y4001L";0
"JE21-Y4003L";0
"JE21-Y610L";0
"JE21-Z0002-JXK";0
"JE22-P302N";1
"JE22-V061N";1
"JE22-V402N";0
"JE22-V402S";1
"JE31-M302L";0
"JE31-R009L";1
"JE32-M201L";0
"JE32-M304L";0
"JE32-P0001";1
"JE32-P0003";1
"JE32-P302N";1
"JE32-R004L";1
"JE33-B0001L-JU";1
"JE33-L1006L";1
"JE33-P0004";1
"JE33-P1001S";1
"JE33-P302N";1
"JE33-R006L";1
"JE33-V0001L";0
"JE33-X0001L";0
"JE33-X004S";1
"JE34-A1001";1
"JE34-B001L";1
"JE34-B003L-JU";1
"JE34-E0003L";0
"JE34-E401L";1
"JE34-E407L";1
"JE34-E414L";1
"JE34-E602L";1
"JE34-G104";1
"JE34-K0002K";1
"JE34-K0002S";1
"JE34-K0003K";1
"JE34-K0003S";1
"JE34-L1007L";1
"JE34-L109L";1
"JE34-L128L";1
"JE34-M007S";0
"JE34-M017S";1
"JE34-M022L";1
"JE34-M022S";1
"JE34-M030L";0
"JE34-M030S";0
"JE34-M031L";0
"JE34-M1002S-XO";0
"JE34-M3004L";0
"JE34-M406L";0
"JE34-N504L";1
"JE34-P0006";1
"JE34-P041N";1
"JE34-P042K";1
"JE34-P042N";1
"JE34-P042S";1
"JE34-P303N";1
"JE34-P305K";1
"JE34-P305N";1
"JE34-P601";1
"JE34-P8001";1
"JE34-R051L";1
"JE34-R064L";1
"JE34-T2001-2L";0
"JE34-T3401L";1
"JE34-U1007L";0
"JE34-V305L";1
"JE34-V305N";1
"JE34-V306L";1
"JE34-V308K";1
"JE34-V403L";1
"JE34-V404L";1
"JE34-X0025L";0
"JE34-X0042L";0
"JE34-X0062L";0
"JE34-X007L";1
"JE34-X007S";1
"JE34-X0081L";1
"JE34-X023L";1
"JE34-X042L";0
"JE34-X1007L";1
"JE34-X1009L";1
"JE34-X1010L";1
"JE34-X1011L";1
"JE34-X1012L";1
"JE36-A1002";1
"JE36-B0012L-JU";0
"JE36-B4001L";1
"JE36-B5001L";1
"JE36-C0002N";1
"JE36-C0006N";1
"JE36-C0008N";1
"JE36-C009L";1
"JE36-C021N";1
"JE36-C131";1
"JE36-C4006";1
"JE36-C6001";0
"JE36-C602N";1
"JE36-C604N";0
"JE36-C616";1
"JE36-C619N";1
"JE36-E426L";0
"JE36-F0005L";1
"JE36-F005N";1
"JE36-F006N";1
"JE36-M202";1
"JE36-M309L";1
"JE36-M311L";1
"JE36-R009L";1
"JE36-R018L";1
"JE36-R031L";0
"JE36-R035L";1
"JE36-R036L";1
"JE36-V402N";1
"JE36-V403N";1
"JE36-X061L";0
"JE42-A1005";1
"JE42-B004L";0
"JE42-C002N";1
"JE42-C003N";1
"JE42-C004N";1
"JE42-C005N";0
"JE42-C1018";0
"JE42-E106L";1
"JE42-E204L";1
"JE42-E304L";1
"JE42-E602L";0
"JE42-E603L";0
"JE42-E709L";1
"JE42-E710L";1
"JE42-F0003L";1
"JE42-F0010N";1
"JE42-F6004N";1
"JE42-F6008N";1
"JE42-H002L";1
"JE42-H002S";0
"JE42-H003L";1
"JE42-M0021L";0
"JE42-M023L";1
"JE42-M023S";0
"JE42-M026L";1
"JE42-M026S";0
"JE42-M029L";1
"JE42-M030L";0
"JE42-M036L";1
"JE42-M037L";1
"JE42-M039L";1
"JE42-M050L";0
"JE42-M053L";0
"JE42-M206L";1
"JE42-M614L";0
"JE42-N301L";0
"JE42-P0005";1
"JE42-P0008";0
"JE42-P0011";1
"JE42-P0021";0
"JE42-P012";1
"JE42-P013";1
"JE42-P030";0
"JE42-P032";1
"JE42-P033";0
"JE42-P041N";1
"JE42-P304N";1
"JE42-P305N";1
"JE42-P305S";0
"JE42-P306N";1
"JE42-PR005";0
"JE42-R0006L";0
"JE42-R0008L";1
"JE42-R0043L";1
"JE42-R0052L";1
"JE42-R012L";1
"JE42-R012N";1
"JE42-R012S";0
"JE42-R081L";1
"JE42-R083L";0
"JE42-R089L";1
"JE42-R3009L";0
"JE42-R3013L";1
"JE42-R405";1
"JE42-R604L";1
"JE42-V3002N";1
"JE42-V305N";1
"JE42-V4002N";1
"JE42-V405S";1
"JE42-V407N";1
"JE42-V507";1
"JE42-X0004L";0
"JE42-X007L";1
"JE42-X026L";1
"JE42-X0404L";0
"JE42-X043L";1
"JE42-X045L";1
"JE42-X048L";1
"JE42-X066L";1
"JE42-X083L";1
"JE42-X0901L";0
"JE42-X0902L";0
"JE43-B005L";1
"JE43-B405L";0
"JE43-B406";1
"JE43-B603L";1
"JE43-B705N";0
"JE43-B706N";0
"JE43-C102L";1
"JE43-E503L";1
"JE43-E607L";1
"JE43-E607S";1
"JE43-M002L";0
"JE43-M003L";1
"JE43-M005L";1
"JE43-M005S";0
"JE43-M007L";0
"JE43-M008L";0
"JE43-M009L";1
"JE43-M010L";1
"JE43-M011L";1
"JE43-M012L";0
"JE43-M501N";1
"JE43-P302N";1
"JE43-R0004L";1
"JE43-R0005L";1
"JE43-R001L";1
"JE43-R007L";1
"JE43-R008L";1
"JE43-R009L";1
"JE43-R014L";1
"JE43-R019L";1
"JE43-R030L";1
"JE43-R030W";0
"JE43-R039L";1
"JE43-R041L";1
"JE43-R045W";1
"JE43-R047L";1
"JE43-R053L";1
"JE43-R054L";1
"JE43-R055L";1
"JE43-R605L";1
"JE43-R607L";1
"JE43-R701L";1
"JE43-T4002-2L";1
"JE43-T423-2L";1
"JE43-T427-2L";1
"JE43-U110L";1
"JE43-V002L";0
"JE43-X005L";0
"JE43-X005S";1
"JE43-X026L";1
"JE43-X026S";0
"JE43-X066L";1
"JE51-A102S";1
"JE51-A5002";0
"JE51-C101ST";1
"JE51-C106";0
"JE51-D0120S";0
"JE51-K0057S";1
"JE51-K0067S";0
"JE51-K0143S";0
"JE51-K0150S";0
"JE51-K0155S";1
"JE51-K0176S";0
"JE51-K0249K";0
"JE51-K0254S";0
"JE51-K0282S-1";1
"JE51-K0284S";0
"JE51-K0286S";1
"JE51-K0288S";1
"JE51-K0289S";0
"JE51-K0295S";0
"JE51-K0298S";1
"JE51-K4008S";0
"JE51-N001S";1
"JE51-N401S";1
"JE51-P0008";1
"JE51-P005A";0
"JE51-P111";0
"JE51-P112";1
"JE51-P113";0
"JE51-P114";0
"JE51-P117";0
"JE51-U0001S";0
"JE51-U0003S";0
"JE51-W0052S";0
"JE52-A101";0
"JE52-C004";0
"JE52-C101ST";1
"JE52-C103";0
"JE52-C203";0
"JE52-K001S";1
"JE52-K002S";0
"JE52-K003S";1
"JE52-K124";0
"JE52-K126";0
"JE52-K130";0
"JE52-K180";0
"JE52-K204";0
"JE52-K301";0
"JE52-K502";0
"JE52-K503";0
"JE52-L108";0
"JE52-P001-BODY";0
"JE52-P001-FOOT";0
"JE52-P1001";1
"JE52-P1002";1
"JE52-P1003";1
"JE52-T251";0
"JE52-T263";0
"JE54-N602";0
"JE54-P001-BODY";1
"JE54-P001-FOOT";1
"JE54-P001B-FOOT";0
"JE54-P002-BODY";1
"JE55-A201";0
"JE55-C217";1
"JE55-D0004S";1
"JE55-D606";1
"JE55-D607S";1
"JE55-K0036S";0
"JE55-U0001S";1
"JE55-U1001-1-P";0
"JE56-C201";1
"JE56-C203";1
"JE56-N4001";1
"JE56-N402S";0
"JE56-P0001";1
"JE57-P001-BODY";0
"JE57-P001-FOOT";0
"JE57-P001B-FOOT";1
"JE57-P002-BODY";0
"JE5A-A101S";1
"JE5A-A201";1
"JE5A-A4001S";1
"JE5A-A600";1
"JE5A-C210ST";0
"JE5A-C219ST";1
"JE5A-N0018-1";0
"JE5A-N005-1";1
"JE5A-P001-BODY";0
"JE5A-P001-FOOT";0
"JE5A-P001B-FOOT";1
"JE5A-P002-BODY";0
"JE5A-P101";1
"JE5A-P4001ST";1
"JE5A-P4002ST";1
"JE5A-P404ST";1
"JE61-K007N";0
"JE61-K007S";0
"JE61-M102";1
"JE61-W004N";0
"JE62-C0002";1
"JE62-K0006S";1
"JE62-K0017S";1
"JE62-W317N";1
"JE65-W505N";1
"JE67-C2002N";1
"JE67-D0005S";1
"JE67-D0010S";1
"JE67-K0045S";0
"JE67-K0047S";1
"JE67-K0048S";1
"JE67-K0053S";1
"JE67-W3010S";1
"JE67-W3032N";0
"JE71-A301";1
"JE71-C203GL";1
"JE71-C206GL";1
"JE71-C211GL";1
"JE71-C214GL";1
"JE71-C216GL";0
"JE71-C228";1
"JE71-C232GL";1
"JE71-F001GL";1
"JE71-F501";1
"JE71-F601";1
"JE71-G001AGL";0
"JE71-G002AGL";1
"JE71-G103GL";1
"JE71-K049GL";1
"JE71-K051GL";0
"JE71-K057GL";1
"JE71-K080GL";1
"JE71-R201GL";1
"JE71-U308GL";1
"JE71-W007GL";1
"JE72-W007GL";1
"JE72-W007S";1
"JE73-A0001";1
"JE73-C0001";0
"JE73-C214GL";1
"JE73-G0002GL";1
"JE73-K0005GL";1
"JE73-K026GL";0
"JE73-M0006GL";0
"JE73-R004GL";1
"JE73-U401GL";1
"JE73-W003GL";1
"JE73-W018GL";0
"JE73-Y2002GL";1
"JE73-Y2003GL";1
"JE73-Y2004GL";0
"JE74-AA04";1
"JE74-F0001GL";1
"JE74-H0001";1
"JE74-H1001";1
"JE74-M0006GL";1
"JE75-A1002";1
"JE75-A4001";1
"JE75-A8001GL";0
"JE75-C0001GL";1
"JE75-C2005GL";1
"JE75-C2008";1
"JE75-C2010GL";1
"JE75-C2014GL";1
"JE75-C203GL";1
"JE75-C212GL";1
"JE75-C225";1
"JE75-C230GL";1
"JE75-C476";1
"JE75-D403S";1
"JE75-D501GL";0
"JE75-F001GL";1
"JE75-F401GL";1
"JE75-F5001GL";1
"JE75-F602N";1
"JE75-H0001GL";1
"JE75-H130GL";1
"JE75-H184";1
"JE75-K002GL";1
"JE75-K0063GL";0
"JE75-K0063S";0
"JE75-K006GL";1
"JE75-K009N";0
"JE75-K010GL";1
"JE75-K0130GL";1
"JE75-K0156GL";1
"JE75-K0157GL";1
"JE75-K0158GL";1
"JE75-K0170GL";1
"JE75-K017GL";0
"JE75-K0187GL";0
"JE75-K024S";1
"JE75-K026GL";0
"JE75-K026N";0
"JE75-K052GL";1
"JE75-K056GL";1
"JE75-K057GL";1
"JE75-K066GL";1
"JE75-K2054GL";0
"JE75-K604GL";1
"JE75-K606GL";1
"JE75-K613GL";0
"JE75-K613S";1
"JE75-P0004";0
"JE75-P1061";0
"JE75-R001GL";0
"JE75-U301GL";1
"JE75-U302GL";1
"JE75-U304GL";1
"JE75-W0005";1
"JE75-W011GL";1
"JE76-D0002GL";0
"JE76-G002GL";1
"JE76-H102";1
"JE76-H143GL";0
"JE76-K0002GL";1
"JE76-K004GL";1
"JE76-K030GL";0
"JE76-K034GL";1
"JE76-K040GL";1
"JE76-K066GL";1
"JE76-K606S";0
"JE76-K801GL";1
"JE76-M009GL";1
"JE76-M009S";1
"JE76-P0005";1
"JE7A-S002";1
"JEC0WAAA160051";0
"JEC0WAAA160068";0
"JEC0WAAA170202";1
"JEC0WAAA170214";1
"JEC0WAAA170603";1
"JEC0WAAA170696";1
"JEC0WAAA170713";1
"JEC0WABX170087";1
"JEC0WBBX170354";1
"JEC0WBBX170418";0
"JEC0WBEX170113";0
"JEC0WCAA160006";0
"JEC0WCCA150119";0
"JEC0WCCA150120";0
"JEC0WCCA150130";1
"JEC0WCCA150131";0
"JEC0WCEX160007";1
"JEC0WCEX160008";0
"JEC0WCEX160010";1
"JEC0WDAC200010";0
"JEC0WDBX160206";0
"JEC0WDBX170093";0
"JEC0WDBX170111";0
"JEC0WDBX180999";0
"JEC0WDBX200216";1
"JEC0WDBX200248";1
"JEC0WDBX200249";0
"JEC0WDBX200250";1
"JEC0WFBX170026";1
"JEC0WFBX170028";1
"JEC0WFBX170059";0
"JEC0WFBX170120";0
"JEC0WFBX200103";1
"JEC0WFBX200107";0
"JEC0WFBX200108";1
"JEC0WFCX170041";1
"JEC0WFCX170052";1
"JEC0WFCX170055";0
"JEC0WFDX170064";0
"JEC0WFDX170092";0
"JEC0WFDX180182";0
"JEC0WFDX190010";0
"JEC1WACX180031";1
"JEC1WBBX170404";0
"JEC1WBBX200051";1
"JEC1WBCX180042";1
"JEC1WBCX200056";1
"JEC1WDBX200192";1
"JEC1WDDX170064";1
"JEC1WEDA170054";1
"JEJJSPX-1100";1
"JEK0WTAX040002";1
"JEK0WTAX040006";1
"JEK0WTAX240175";1
"JEK1WYXX140002";1
"JEP1000S";0
"JEP1005";1
"JEP1005M";1
"JEP1005MN";0
"JEP1005MS";0
"JEP1005S";0
"JEP1025";0
"JEP1025S";0
"JEP1101M";1
"JEP1105M";1
"JEP1120";1
"JEP1120S";0
"JEP705";1
"JEP705S";0
"JEP710";1
"JEP710S";0
"JEZ0018UA03";0
"JEZ0088A003";0
"JEZ0088A004";0
"JEZ0088B002";1
"JEZ0096UA01";1
"JFH1100RQ";0
"JFH1100RSQ";1
"JFL1000RBE";1
"JFL1000RBO";0
"JFL1000RE";1
"JFL700";1
"JFL700-CBOX-EN";0
"JFL700A";0
"JFL700E";1
"JFL700E-CBOX-3EN";0
"JFL700E-CBOX-EN";0
"JFL700EA";1
"JFL700EC";1
"JFL700EC-CBOX-3EN";0
"JFL700EC-CBOX-EN";0
"JFL700R";1
"JFL700RE";1
"JFL700RE-CBOX-3EN";0
"JFL700RE-CBOX-EN";1
"JFL700REC";1
"JFL700REC-CBOX-3EN";0
"JFL700REC-CBOX-EN";1
"JFL700RO";1
"JFL700U";1
"JFL700UD";1
"JFL700UE";1
"JFL700WD";1
"JFL700WE";1
"JFL700WR";1
"JFL700WRE";0
"JFL700WRXE-EN";0
"JHR1000M";0
"JHR1000MS";0
"JHR1100";0
"JHR1100DQ";1
"JHR1110";1
"JHR1110DQ";0
"JHR700";1
"JJAFF-1000S";0
"JJAFH-1000S";0
"JJAFH-1000US";0
"JJAFH-1100S";0
"JJAFH-1100US";0
"JJASN-1100GL";1
"JJASN-1100S";1
"JJASN-1100SG";1
"JJASN-500GL";1
"JJASN-700GL";1
"JJBCA-1000N";0
"JJBCB-1000N";0
"JJBCC-1000N";0
"JJBFF-1000S";0
"JJBFF-1100S";0
"JJBFH-1000S";0
"JJBFH-1100S";0
"JJBSN-1000GL";0
"JJBSN-1100GL";1
"JJBSN-1100S";0
"JJCFF-1000S";0
"JJCFH-1000S";0
"JJCFS-1000";0
"JJCLA-1100S";0
"JJCLA-700N";0
"JJCLA-750N";0
"JJCLA-750S";0
"JJCLB-1100S";0
"JJCLB-700N";0
"JJCLB-700S";0
"JJCLB-750N";0
"JJCLB-750S";0
"JJCLC-1100S";1
"JJCLC-700N";0
"JJCLC-700S";0
"JJCLC-750N";0
"JJCLC-750S";1
"JJCLD-1100S";0
"JJCLD-1100S-1";1
"JJCLD-700N";0
"JJCLD-700N-1";1
"JJCLD-700S-1";1
"JJCLD-750N";0
"JJCLD-750S";0
"JJCLD-INTONICA-N";1
"JJCLD-INTONICA-S";1
"JJFLF-1000BS";1
"JJFLF-700S";0
"JJFLH-1000S-1";0
"JJFLH-700CS-2";1
"JJFLH-700S-2";1
"JJFLH-700UDS-2";1
"JJFLH-700US-2-NEST";1
"JJFLH-700WDS-2";0
"JJFLH-700WES-2";1
"JJFLH-700WX-2";1
"JJPCH-1000S";1
"JJPCH-1010S";0
"JJPCH-1100S";0
"JJSSN-1000GL";1
"JJSSN-1100GL";0
"JJSSN-1100GL-1";0
"JJSSN-1100SG";1
"JJSSN-1100SG-1";0
"JJTBI-1100L";0
"JJTBI-1100S";0
"JJTBI-1150L";0
"JJTBI-1150L-1";1
"JJTBI-1150S";0
"JJTBI-1150S-1";0
"JJTBI-1180L";0
"JJTBI-1180S";0
"JJTBI-700L";0
"JJTBI-700L-1";0
"JJTBI-700S";0
"JJTBI-700S-1";0
"JJTBI-710L";0
"JJTBI-710L-1";0
"JJTBO-1100L";1
"JJTBO-1100S";0
"JJTBO-1150L";1
"JJTBO-1150S";0
"JJTBO-1180L";1
"JJTBO-1180S";0
"JJTBO-500L";0
"JJTBO-500S";0
"JJTBO-700L";0
"JJTBO-700L-1";0
"JJTBO-700S";0
"JJTBO-700S-1";0
"JJTBO-730L";0
"JJTBO-730L-1";0
"JJTBS-1100L";1
"JJTBS-1100S";1
"JJTBS-1150L";1
"JJTBS-1150L-1";0
"JJTBS-1150S";1
"JJTBS-1150S-1";0
"JJTBS-1180L";1
"JJTBS-1180S";0
"JJTBS-500L";0
"JJTBS-700L";0
"JJTBS-700L-1";1
"JJTBS-700S";0
"JJTBS-700S-1";0
"JJTBS-710L-1";1
"JJTBS-730L";0
"JJTBS-730L-1";1
"JJTSN-1100GL";0
"JJTSN-1100S";1
"JJTSN-1100SG";0
"JJTSN-500GL";1
"JJTSN-700GL";1
"JKB-AF15";1
"JKB-BF27AA";1
"JKB-BF27V";0
"JKB-FL11FQ";1
"JKB-FL11Q";1
"JKB-FL21BQ";1
"JKB-FL21Q";0
"JKB-SP88";0
"JKC-AF15";1
"JKC-AS55FQ";1
"JKC-AS55FU";0
"JKC-AS55UA";1
"JKC-BC45PA";0
"JKC-BC47P";0
"JKC-BF27AA";0
"JKC-BF27P";1
"JKC-BR58BA";1
"JKC-BR58UA";0
"JKC-BR60UA";0
"JKC-BR90UA";1
"JKC-BS73UA";1
"JKC-BS73W";1
"JKC-CF29FT";0
"JKC-CL33FQ";1
"JKC-CL33UA";0
"JKC-CL35WA";0
"JKC-CR28FQ";0
"JKC-CR28P";0
"JKC-EP68BA";1
"JKC-EP68UA";0
"JKC-EP92BA";0
"JKC-EP92BD";1
"JKC-EP92UA";0
"JKC-EP92UB";0
"JKC-EP92UC";0
"JKC-EP94UA";0
"JKC-FH52FU";0
"JKC-FL07SA";1
"JKC-FL09SA";1
"JKC-FL09SB";1
"JKC-FL09UA";0
"JKC-FL11CA";1
"JKC-FL13";1
"JKC-FL21";1
"JKC-FL21B";0
"JKC-HR54UA";0
"JKC-HR60BM";0
"JKC-HR66FU";0
"JKC-PC03B";0
"JKC-PC03CA";1
"JKC-PC03CB";0
"JKC-SP88A";0
"JKC-SP88UA";0
"JKC-SS39FQ";0
"JKC-SS39FU";0
"JKC-SS39PA";0
"JKC-TB36FQ";0
"JKC-TB42FQ";0
"JKC-TB42UA";0
"JKC-TB46BA";0
"JKC-TB46FU";1
"JKC-TB48BA";0
"JKC-TR10A";1
"JKC-TR10FQ";1
"JKC-TR18FQ";1
"JKC-TR18FU";0
"JKC-TR18UA";1
"JKC-TR22FQ";1
"JKC-TR22LA";1
"JKC-TS67FQ";1
"JKC-TS67FU";1
"JKC-TS67UA";1
"JKC-TU80UA";1
"JKC-TU80UB";0
"JKC-TU82UA";1
"JKC-TU82UB";0
"JKC-TU96AB-JU";0
"JKC-TU96UA";0
"JMP1000M";0
"JMP1000MN";0
"JMP1000MS";0
"JMP1101M";0
"JMP1101MS";1
"JPC1000";1
"JPC1000E";1
"JPC1010";1
"JPC1100E";1
"JPJCMTC01";0
"JPJCMTRK1";0
"JRS700";1
"JRS700GE";1
"JSP1000";1
"JSP1000B";0
"JSP1000S";1
"JSP1000SB";1
"JSP1010";1
"JSP1010S";1
"JSP1100";0
"JSP1100S";0
"JSP1110";1
"JSP1110S";0
"JSS1000Q";1
"JSS1100Q";1
"JSS1100SGQ";1
"JTB1100FQ";1
"JTB1100FRQ";1
"JTB1100FSQ";1
"JTB1100RQ";1
"JTB1100S";0
"JTB1100SQ";1
"JTB1150FOQ";0
"JTB1150FQ";0
"JTB1150FROQ";1
"JTB1150FRQ";1
"JTB1150FSQ";1
"JTB1160F-PACKAGE";0
"JTB1160FOQ";0
"JTB1160FQ";0
"JTB1160FROQ";0
"JTB1160FRQ";1
"JTB1180Q";1
"JTB1180RQ";1
"JTB1180SQ";0
"JTB1236RSGT";0
"JTB700A";1
"JTB700Q";0
"JTB700VQ";1
"JTB700VRQ";1
"JTB700VSQ";0
"JTB710A";1
"JTB710FQ";1
"JTB710FRQ";1
"JTB710Q";1
"JTB710RQ";1
"JTB720VQ";1
"JTB720VRQ";1
"JTB720VSQ";1
"JTB730A";1
"JTB730Q";1
"JTR1100Q";1
"JTR1100SQ";1
"JTR1110RQ";1
"JTR1110RSQ";1
"JTR1150Q";1
"JTR1150SQ";1
"JTR1160RQ";1
"JTR1160RSQ";1
"JTR500A";1
"JTR500Q";0
"JTR500SQ";1
"JTR700Q";1
"JTR700RQ";1
"JTR700RQ-3";0
"JTR700RSQ";1
"JTR700SQ";0
"JTR701Q";0
"JTR701Q-3";0
"JTR710Q";1
"JTR710SQ";1
"JTS1100Q";0
"JTS1100SGQ";1
"JTS1100SQ";0
"JTS500A";1
"JTS500Q";1
"JTS700Q";1
"JTU1000MS";1
"JTU1005M";0
"JTU1005MS";0
"JTU1010";1
"JTU1010S";0
"JTU1020";1
"JTU1020S";0
"JTU1030M";1
"JTU1030MN";0
"JTU1030MS";0
"JTU1101M";1
"JTU1101MS";1
"JTU1110";1
"JTU1110S";0
"JTU1140";1
"JTU1140S";0
"JTU1150";1
"JTU705";1
"JTU705S";0
"JTU730";0
"JTU730S";0
"JWM-ASK2";0
"JWM-BCK1";1
"JWM-BCK1S";0
"JWM-BSK1";0
"JWM-CLK1";1
"JWM-CLK1S";1
"JWM-SSK1";0
"JWM-TSK1";1
"KTAZCDE";0
"KTAZCEN";0
"KTJFLWKDEEN";1
"KTJPBFLUTEEN";1
"KTJPK";1
"KTJPSCHFLE";0
"KTMJFLIGHTCASEBD3618";0
"LABT03E";1
"LAD03";1
"LAD03E";1
"LAD09";1
"LAD09E";1
"LAD09E2";1
"LAD10E";0
"LAD50E";1
"LAD60E";1
"LAJ03E";0
"LAL03";1
"LAL03E";0
"LAL09E";1
"LAL09E2";0
"LALV03";0
"LALV03E";0
"LALV03E2";1
"LALV09";1
"LAOMV03E";1
"LAOMV09";1
"LAOMV40R";1
"LAOMV40RE";0
"LKFCLB";1
"LKFCLC";1
"LKFCLS";1
"LKFCLT";0
"LKHWC-B";1
"LKHWC-C";1
"LKHWC-S";1
"LKHWC-T";0
"LKO-AK-B";1
"LKO-AK-BAE";0
"LKO-AK-C";1
"LKO-AK-CAE";1
"LKO-AK-S";1
"LKO-AK-SL";1
"LKO-AK-SP";1
"LKO-AK-T";0
"LKO-AK-TAE";1
"LKO-KG100N";1
"LKO-KG100NE";1
"LKO-KG100S";1
"LKO-KG100SE";1
"LKO-KG50N";1
"LKO-KG50S";1
"LKO-KG75N";1
"LKO-KG75S";1
"LKO-KO-B";0
"LKO-KO-C";1
"LKO-KO-S";1
"LKO-KO-T";1
"LKO-KPP-B";1
"LKO-KPP-C";0
"LKO-KPP-S";0
"LKO-KPP-T";0
"LKO-KT-CBK";1
"LKO-KT-CBL";0
"LKO-KT-CRD";0
"LKO-KT-SBK";1
"LKO-KT-SBL";1
"LKO-KT-SCB";1
"LKO-KT-SPI";1
"LKO-KT-SPU";1
"LKO-KT-SRD";1
"LKO-KT-SSG";1
"LKO-KT-SYE";1
"LKTKBLB";1
"LKTKBLC";1
"LKTKBLS";1
"LKTKBLT";0
"LKTNBLB";1
"LKTNBLC";1
"LKTNBLS";1
"LKTNBLT";1
"LKUACS-C";1
"LKUACS-CEC";1
"LKUACS-CET";1
"LKUACS-T";1
"LKUACST-5CET";1
"LKUACST-6CET";1
"LKUACST-8CET";1
"LKUACST-B";1
"LKUACST-C";1
"LKUACST-CEB";1
"LKUACST-CEC";1
"LKUACST-CEG";1
"LKUACST-CET";1
"LKUACST-S";1
"LKUACST-T";1
"LKUCDSTC";0
"LKUCDSTCEC";1
"LKUCDSTCET";1
"LKUCDSTS";0
"LKUCDSTT";1
"LKUFB-CETC";1
"LKUFB-CETT";1
"LKUFBEBU";1
"LKUFM-5CET";1
"LKUFM-C";1
"LKUFM-CEB";1
"LKUFM-CEC";1
"LKUFM-CET";1
"LKUFM-CETC";1
"LKUFM-CETT";1
"LKUFM-T";1
"LKUJMS-AWT2";1
"LKUJMS-EWT1";1
"LKULU21-B";1
"LKULU21-C";1
"LKULU21-S";1
"LKULU21-T";1
"LKUMA-5T";1
"LKUMA-6T";0
"LKUMA-8T";0
"LKUMA-B";1
"LKUMA-C";1
"LKUMA-CEC";1
"LKUMA-CET";1
"LKUMA-EBU";1
"LKUMA-G";1
"LKUMA-P";1
"LKUMA-S";0
"LKUMA-T";1
"LKUMAS-C";0
"LKUMAS-CEB";1
"LKUMAS-CEC";1
"LKUMAS-CET";1
"LKUMAS-T";1
"LKUMRS-CEC";1
"LKUMRS-CET";1
"LKUOA-CEB";1
"LKUOA-CEC";1
"LKUOA-CET";1
"LKUOAB";1
"LKUOAC";1
"LKUOAEBU";1
"LKUOAS";1
"LKUOAT";0
"LKUQM-NACEC";1
"LKUQM-NACET";1
"LKUQM-RDCEB";1
"LKUQM-RDCEC";1
"LKUQM-RDCEG";1
"LKUQM-RDCET";1
"LKUQMBKCEB";1
"LKUQMBKCEC";1
"LKUQMBKCEG";1
"LKUQMBKCET";1
"LKUQMBLCEB";1
"LKUQMBLCEC";1
"LKUQMBLCET";1
"LKUQMPUCEC";1
"LKUQMPUCET";1
"LKUSMBB-CX";1
"LKUSMBB-TX";1
"LKUSPPW-CX";1
"LKUSPPW-TX";1
"LKUSPST-B";1
"LKUSPST-C";0
"LKUSPST-EBU";1
"LKUSPST-S";1
"LKUSPST-T";1
"LKUZR-C";1
"LKUZR-CEC";1
"LKUZR-CET";0
"LKUZR-T";0
"LKZ0108";0
"LKZ0110";0
"LKZ0118";0
"LKZ0120";0
"LKZ0121";0
"LKZ0122";0
"LKZ0124";0
"LKZ0125";0
"LKZ0128";0
"LKZ0130";0
"LKZ0133";0
"MAAV220-10";1
"MAAV225-10";1
"MAAV230-10";1
"MAAV235-10";1
"MAAV240-10";1
"MAAV315-10";0
"MAAV320-10";1
"MAAV325-10";1
"MAAV330-10";1
"MAAV335-10";1
"MAAV340-10";1
"MAAV415-10";1
"MAAV420-10";1
"MAAV425-10";0
"MAAV430-10";0
"MAAV435-10";1
"MAAV440-10";1
"MAAV615-05";1
"MAAV620-05";0
"MAAV625-05";0
"MAAV630-05";0
"MAAV635-05";0
"MAAV640-05";0
"MAAV715-05";1
"MAAV720-05";1
"MAAV725-05";1
"MAAV730-05";0
"MAAV735-05";1
"MAAV740-05";1
"MAB04H";0
"MAB04M";0
"MAB04S";0
"MAB05H";0
"MAB05M";0
"MAB05S";0
"MAB06H";1
"MAB06M";1
"MAB06S";1
"MAEX215-10";0
"MAEX220-10";1
"MAEX225-10";0
"MAEX230-10";1
"MAEX235-10";1
"MAEX240-10";1
"MAEX245-10";1
"MAEX415-10";1
"MAEX420-10";1
"MAEX425-10";1
"MAEX430-10";1
"MAEX435-10";0
"MAEX440-10";0
"MAEX445-10";0
"MAEX515-05";0
"MAEX520-05";0
"MAEX525-05";1
"MAEX530-05";0
"MAEX535-05";1
"MAEX540-05";0
"MAEX545-05";0
"MAEX615-05";1
"MAEX620-05";0
"MAEX625-05";0
"MAEX630-05";0
"MAEX635-05";1
"MAEX640-05";1
"MAEX645-05";0
"MAH04H";0
"MAH04M";0
"MAH04S";0
"MAH05H";0
"MAH05M";0
"MAH05S";0
"MAH06H";1
"MAH06M";0
"MAH06S";0
"MAJZ315-10";0
"MAJZ320-10";0
"MAJZ325-10";1
"MAJZ330-10";0
"MAJZ335-10";0
"MAJZ340-10";1
"MAJZ345-10";1
"MAJZ415-10";0
"MAJZ420-10";0
"MAJZ425-10";0
"MAJZ430-10";1
"MAJZ435-10";1
"MAJZ440-10";1
"MAJZ445-10";0
"MAJZ615-05";1
"MAJZ620-05";0
"MAJZ625-05";0
"MAJZ630-05";0
"MAJZ635-05";0
"MAJZ640-05";1
"MAJZ645-05";1
"MAJZ715-05";1
"MAJZ720-05";1
"MAJZ725-05";0
"MAJZ730-05";0
"MAJZ735-05";0
"MAJZ740-05";1
"MAJZ745-05";0
"MAJZU315-10";0
"MAJZU320-10";0
"MAJZU325-10";0
"MAJZU330-10";0
"MAJZU335-10";1
"MAJZU340-10";1
"MAJZU345-10";0
"MAJZU415-10";0
"MAJZU420-10";0
"MAJZU425-10";0
"MAJZU430-10";0
"MAJZU435-10";1
"MAJZU440-10";1
"MAJZU445-10";0
"MAJZU615-05";1
"MAJZU620-05";0
"MAJZU625-05";0
"MAJZU630-05";0
"MAJZU635-05";0
"MAJZU640-05";1
"MAJZU645-05";0
"MAJZU715-05";1
"MAJZU720-05";1
"MAJZU725-05";1
"MAJZU730-05";1
"MAJZU735-05";1
"MAJZU740-05";1
"MAJZU745-05";0
"MAMX215-10";1
"MAMX220-10";1
"MAMX225-10";0
"MAMX230-10";1
"MAMX235-10";1
"MAMX240-10";0
"MAMX415-10";0
"MAMX420-10";0
"MAMX425-10";0
"MAMX430-10";0
"MAMX435-10";1
"MAMX440-10";1
"MAPG515-05";0
"MAPG520-05";0
"MAPG525-05";1
"MAPG530-05";0
"MAPG535-05";0
"MAPG540-05";0
"MAPG545-05";0
"MAPO215-10";0
"MAPO220-10";0
"MAPO225-10";0
"MAPO230-10";0
"MAPO235-10";1
"MAPO315-10";1
"MAPO320-10";1
"MAPO325-10";1
"MAPO330-10";1
"MAPO335-10";1
"MAPO415-10";0
"MAPO420-10";0
"MAPO425-10";0
"MAPO430-10";0
"MAPO435-10";1
"MAPO615-05";1
"MAPO620-05";1
"MAPO625-05";1
"MAPO630-05";1
"MAPO635-05";1
"MAPO715-05";1
"MAPO720-05";1
"MAPO725-05";1
"MAPO730-05";1
"MAPO735-05";0
"MAPR220-10";0
"MAPR225-10";0
"MAPR230-10";0
"MAPR230P-10";1
"MAPR235-10";0
"MAPR235P-10";1
"MAPR240-10";1
"MAPR245-10";1
"MAPR420-10";0
"MAPR425-10";1
"MAPR430-10";1
"MAPR435-10";1
"MAPR440-10";1
"MAPR445-10";1
"MART1";0
"MART2";0
"MART3";0
"MART4";0
"MART5";1
"MART6";0
"MART7";0
"MARTA";1
"MARTG";0
"MASP020-10";1
"MASP025-10";0
"MASP030-10";1
"MASP035-10";1
"MASP040-10";1
"MASP120-10";1
"MASP125-10";1
"MASP130-10";1
"MASP135-10";1
"MASP140-10";1
"MASP145-10";0
"MASP215-10";0
"MASP220-10";1
"MASP225-10";0
"MASP230-10";0
"MASP235-10";1
"MASP240-10";0
"MASP245-10";1
"MASP315-10";1
"MASP320-10";0
"MASP325-10";0
"MASP330-10";1
"MASP335-10";1
"MASP340-10";1
"MASP345-10";0
"MASP415-10";0
"MASP420-10";1
"MASP425-10";0
"MASP430-10";0
"MASP435-10";0
"MASP440-10";1
"MASP445-10";0
"MASP515-05";1
"MASP520-05";1
"MASP525-05";1
"MASP530-05";0
"MASP535-05";1
"MASP540-05";0
"MASP615-05";0
"MASP620-05";0
"MASP625-05";0
"MASP630-05";0
"MASP635-05";1
"MASP640-05";1
"MASP645-05";0
"MASP715-05";0
"MASP720-05";1
"MASP725-05";0
"MASP730-05";1
"MASP735-05";1
"MASP740-05";1
"MASP745-05";1
"MASP820-05";0
"MASP825-05";0
"MASP830-05";0
"MASP835-05";0
"MASP840-05";0
"MASP920-05";0
"MASP925-05";0
"MASP930-05";0
"MASP935-05";0
"MASP940-05";0
"MASPA15-10";1
"MASPA20-10";1
"MASPA25-10";1
"MASPA30-10";1
"MASPA35-10";1
"MASPA40-10";0
"MASPA45-10";0
"MASPG15-10";1
"MASPG20-10";1
"MASPG25-10";0
"MASPG30-10";0
"MASPG35-10";0
"MASPG40-10";1
"MASPG45-10";1
"MATR215-10";0
"MATR240-10";0
"MATR245-10";0
"MATR415-10";0
"MATR420-10";1
"MATR425-10";1
"MATR430-10";1
"MATR435-10";1
"MATR440-10";1
"MATR445-10";0
"MCCBC1814";1
"MCCBC2014";0
"MCCBC2214";0
"MCCBC2414";0
"MCCBC2614";0
"MCCBS1610";1
"MCCBS1810";1
"MCCBS1814";1
"MCCBS2010";1
"MCCBS2014";0
"MCCBS2210";0
"MCCBS2214";0
"MCCBS2410";1
"MCCBS2414";1
"MCCBS2610";1
"MCCBS2614";1
"MCCSC1310";1
"MCCSC1311";1
"MCCSC1410";1
"MCCSC1412";0
"MCCSS1210";0
"MCCSS1310";1
"MCCSS1406";1
"MCCSS1410";1
"MCCSS1412";1
"MCCT023";0
"MCCT8023";0
"MCMMSB1";1
"MCMMSB2";1
"MCMVQD-MP";0
"MCQAMX1410S-CK-CC";0
"MCQAMX1410S-CK-CC-F";0
"MCQAMX1410S-DK-CC";0
"MCQAMX1410S-DK-CC-F";0
"MCQAMX1410S-PB-CC";1
"MCQAMX1410S-SW-CC";0
"MCQAMX1410S-SW-CC-F";0
"MCQANX1410S-CK-CC";0
"MCQANX1410S-CK-CC-F";0
"MCQANX1410S-DK-CC";1
"MCQANX1410S-DK-CC-F";0
"MCQANX1410S-SW-CC";0
"MCQANX1410S-SW-CC-F";0
"MCQCMB1414-CK-CC";0
"MCQCMB1414-DK-CC";0
"MCQCMB1414-SW-CC";0
"MCQCMB1614-CK-CC";0
"MCQCMB1614-DK-CC";1
"MCQCMB1614-SW-CC";0
"MCQCMB1814-DK-CC";1
"MCQCMB1814-SW-CC";0
"MCQCMB2014-CK-CC";0
"MCQCMB2014-DK-CC";1
"MCQCMB2014-SW-CC";0
"MCQCMB2214-CK-CC";0
"MCQCMB2214-DK-CC";1
"MCQCMB2214-SW-CC";0
"MCQCMB2414-CK-CC";0
"MCQCMB2414-CY-CC";1
"MCQCMB2414-DK-CC";1
"MCQCMB2414-SW-CC";0
"MCQCMB2614-CK-CC";1
"MCQCMB2614-DK-CC";1
"MCQCMB2614-SW-CC";0
"MCQCMB2814-CK-CC";0
"MCQCMB2814-DK-CC";0
"MCQCMB2814-SW-CC";0
"MCQCMB3014-CK-CC";0
"MCQCMB3014-DK-CC";0
"MCQCMB3014-SW-CC";0
"MCQCMB3214-CK-CC";0
"MCQCMB3214-DK-CC";0
"MCQCMB3214-SW-CC";0
"MCQCMX1412S-CK-CC";1
"MCQCMX1412S-CK-CC-F";0
"MCQCMX1412S-DK-CC";0
"MCQCMX1412S-DK-CC-F";0
"MCQCMX1412S-SW-CC";1
"MCQCMX1412S-SW-CC-F";0
"MCQCNT0234-CK-CC";0
"MCQCNT0234-DK-CC";0
"MCQCNT0234-SW-CC";0
"MCQCNT60234-CK-CC";0
"MCQCNT60234-DK-CC";0
"MCQCNT60234-SW-CC";0
"MCQCNT660234-CK-CC";0
"MCQCNT660234-DK-CC";0
"MCQCNT660234-SW-CC";0
"MCQCNT680234-CK-CC";0
"MCQCNT680234-DK-CC";0
"MCQCNT680234-SW-CC";0
"MCQCNX1412S-CK-CC";0
"MCQCNX1412S-CK-CC-F";0
"MCQCNX1412S-DK-CC";0
"MCQCNX1412S-DK-CC-F";0
"MCQCNX1412S-SW-CC";0
"MCQCNX1412S-SW-CC-F";0
"MCQFNT0234-CK-CC";0
"MCQFNT0234-DK-CC";0
"MCQFNT0234-SW-CC";0
"MCQFNT60234-CK-CC";0
"MCQFNT60234-DK-CC";0
"MCQFNT60234-SW-CC";0
"MCQFNT660234-CK-CC";0
"MCQFNT660234-DK-CC";0
"MCQFNT660234-SW-CC";0
"MCQFNT668023-CK-CC";0
"MCQFNT668023-DK-CC";0
"MCQFNT668023-SW-CC";0
"MCQFNT68023-CK-CC";0
"MCQFNT68023-DK-CC";0
"MCQFNT68023-SW-CC";0
"MCQFNT680234-CK-CC";0
"MCQFNT680234-DK-CC";0
"MCQFNT680234-SW-CC";0
"MCQFNT8023-CK-CC";0
"MCQFNT8023-DK-CC";0
"MCQFNT8023-SW-CC";0
"MCQLB1614-CK";0
"MCQLB1614-DK";0
"MCQLB1614-SW";1
"MCQLB1814-CK";0
"MCQLB1814-DK";0
"MCQLB1814-SW";0
"MCQLB2014-CK";0
"MCQLB2014-DK";0
"MCQLB2014-SW";0
"MCQLB2214-CK";1
"MCQLB2214-DK";0
"MCQLB2214-SW";0
"MCQLB2414-CK";0
"MCQLB2414-DK";0
"MCQLB2414-SW";1
"MCQLB2614-CK";0
"MCQLB2614-DK";1
"MCQLB2614-SW";1
"MCQLB2814-CK";0
"MCQLB2814-DK";0
"MCQLB2814-SW";1
"MCQLH01";1
"MCQLH02";0
"MCQLH03";1
"MCQLS1310-CK";0
"MCQLS1310-DK";0
"MCQLS1310-SW";0
"MCQLS1410-CK";0
"MCQLS1410-DK";0
"MCQLS1410-SW";1
"MCQLS1412D-CK";0
"MCQLS1412D-DK";1
"MCQLS1412D-SW";1
"MCQLT023-CK";0
"MCQLT023-DK";0
"MCQLT023-SW";0
"MCQLT60234-CK";0
"MCQLT60234-DK";1
"MCQLT60234-SW";1
"MCQLT68023-CK";0
"MCQLT68023-SW";1
"MCQLT802-CK";0
"MCQLT802-DK";0
"MCQLT802-SW";0
"MCQLT8023-CK";0
"MCQLT8023-DK";0
"MCQLT8023-SW";0
"MCQTM0606-CK-CC";0
"MCQTM0606-DK-CC";1
"MCQTM0606-SW-CC";1
"MCQTM0607-CK-CC";0
"MCQTM0607-DK-CC";0
"MCQTM0607-SW-CC";0
"MCQTM0806-CK-CC";0
"MCQTM0806-DK-CC";1
"MCQTM0806-SW-CC";1
"MCXB750A";1
"MCXS750A";1
"MCXT750A";1
"MDARGON8";1
"MDARGON8M";1
"MDARGON8X";1
"MDCARBON8";1
"MDCARBON8M";1
"MDCARBON8X";1
"MDCOBALT8";1
"MDCOBALT8M";1
"MDCOBALT8X";1
"MJ0627-850K";1
"MJ06STS6";1
"MJ071PB32";1
"MJ520-XBC2414-SW-CC";0
"MJ520-XBC2815-GT-SC";0
"MJ520-XBC2815-SW-SC";0
"MJ540-CCH02";0
"MJ9PGS4";1
"MJAK1432DP";1
"MJAK14D";0
"MJAK14DC";1
"MJAK32P";0
"MJAK32PB";1
"MJAK32PC";0
"MJAQ01";1
"MJAZ02";0
"MJAZ03";1
"MJB2525A";1
"MJB3525A";1
"MJB3525S";1
"MJB526S";0
"MJBT-7820-45";1
"MJBT-7820-50";1
"MJBT-7820-55";1
"MJBT-7820-60";1
"MJBT-7820-65";1
"MJBT-7820-70";1
"MJBT-7820-75";1
"MJBT-7820-80";1
"MJC1518B";1
"MJC1618B";1
"MJC1618C";1
"MJC6518B";1
"MJC6618B";1
"MJC6618C";1
"MJC8622B";1
"MJC8622C";1
"MJCBC2214";0
"MJCBD2816";1
"MJCBD2818";1
"MJCBD3218";0
"MJCBD3222";1
"MJCBD3618";0
"MJCBD3622";0
"MJCBD4018";0
"MJCBD4022";1
"MJCBS1610";0
"MJCFMF13";0
"MJCFMF14";0
"MJCFMH13";0
"MJCFMH14";0
"MJCOA2600A";1
"MJCOA2600G";1
"MJCOA2900A";1
"MJCOA2900G";1
"MJCOA3200A";1
"MJCOA3200G";1
"MJCOC2300A";1
"MJCOC2600A";1
"MJCOC2600AH";1
"MJCOC2600GH";1
"MJCOC2900A";1
"MJCOC2900GH";0
"MJCOC3200A";1
"MJCOC3200AH";1
"MJCOC3200GH";1
"MJCOF2000A";1
"MJCOF2000G";1
"MJCOF2300A";1
"MJCOF2300G";1
"MJCOF2600A";1
"MJCOF2600G";1
"MJCOF2900A";1
"MJCOF2900G";1
"MJCOF3200A";1
"MJCOF3200G";1
"MJCS16-14";1
"MJDCGS116-MH";0
"MJDCGSS116-MH";0
"MJDCSS1120-MH";0
"MJEBG145000MHA";1
"MJEBG145500MH1";1
"MJEBG145500MH1-969";0
"MJEBG146500MHA";1
"MJEMCS1465MA";1
"MJFBS2840";0
"MJGBG032H20MH";0
"MJGBG032H20MH-969";0
"MJGBG032H30MH-969";0
"MJGBG032HMH";0
"MJGCBC23AH";0
"MJGCBC26AH";0
"MJGCBC29AH";0
"MJGCBC32AH";0
"MJGR2000A";0
"MJGR2000AH";0
"MJGR2000G";0
"MJGR2000GH";0
"MJGR2300A";1
"MJGR2300AH";1
"MJGR2300G";1
"MJGR2300GH";1
"MJGR2600A";1
"MJGR2600AH";1
"MJGR2600G";1
"MJGR2600GH";1
"MJGR2900A";1
"MJGR2900AH";1
"MJGR2900G";0
"MJGR2900GH";1
"MJGR3200A";1
"MJGR3200AH";1
"MJGR3200G";0
"MJGR3200GH";1
"MJGRF2000A";1
"MJGRF2000AH";0
"MJGRF2000G";0
"MJGRF2000GH";0
"MJGRF2300A";1
"MJGRF2300AH";1
"MJGRF2300G";0
"MJGRF2300GH";1
"MJGRF2600A";1
"MJGRF2600AH";1
"MJGRF2600G";0
"MJGRF2600GH";1
"MJGRF2900A";1
"MJGRF2900AH";1
"MJGRF2900G";0
"MJGRF2900GH";1
"MJGRF3200A";1
"MJGRF3200AH";1
"MJGRF3200G";0
"MJGRF3200GH";1
"MJGRS2000A";0
"MJGRS2000AH";0
"MJGRS2000G";1
"MJGRS2000GH";0
"MJGRS2300A";1
"MJGRS2300AH";0
"MJGRS2300G";1
"MJGRS2300GH";1
"MJGRS2600A";0
"MJGRS2600AH";1
"MJGRS2600G";0
"MJGRS2600GH";1
"MJGRS2900A";0
"MJGRS2900AH";1
"MJGRS2900G";1
"MJGRS2900GH";1
"MJGRS3200A";1
"MJGRS3200AH";0
"MJGRS3200G";1
"MJGRS3200GH";1
"MJHK1";1
"MJHP20";1
"MJHP23";1
"MJHP26";0
"MJHP29";0
"MJHP32";1
"MJKOPSS28-X60-16C";1
"MJKOPSS28-X60-18C";1
"MJKOPSS28-X60-22C";1
"MJKOPSS32-X60-18C";1
"MJKOPSS32-X60-22C";1
"MJKOPSS36-X60-18C";1
"MJKOPSS36-X60-22C";0
"MJKOPSS40-X60-18C";1
"MJKOPSS40-X60-22C";1
"MJKOPTB28-X60-18C";1
"MJM1412";1
"MJM1543P";1
"MJM1550P";1
"MJM2810";1
"MJM5533D";1
"MJM5533DR";1
"MJM5550H";1
"MJM650DB";1
"MJM650HB";1
"MJM6540P";1
"MJM6543D";1
"MJM6543H";1
"MJM6543P";1
"MJM7550P";1
"MJM7743H";0
"MJM850HB";1
"MJM850HW";1
"MJMAB-2";0
"MJMC6";1
"MJMC8";1
"MJMCB2816";1
"MJMCB2818";0
"MJMCB3218";1
"MJMCB3222";0
"MJMCB3618";1
"MJMCB3622";1
"MJMCB4018";1
"MJMCB4022";0
"MJMCS1440AL";1
"MJMCS1450MA";1
"MJMCS1465MA";1
"MJMCTC0608D";1
"MJMCTC0608D-BZ";1
"MJMCTC0608S";1
"MJMCTC0808D";1
"MJMCTC0808S";1
"MJMCTC1010D";1
"MJMCTC1010S";1
"MJMCTC1210D";1
"MJMCTC1210S";1
"MJMCTC1311D";0
"MJMCTC1311S";1
"MJMCTC1412D";1
"MJMCTC1412S";1
"MJMCTC1514D";0
"MJMCTC1514S";1
"MJMCTC1614D";1
"MJMCTC1614S";1
"MJMCTP0608D";0
"MJMCTP0608D-TK";1
"MJMCTP0608S";1
"MJMCTP0608S-TK";1
"MJMCTP0808D";1
"MJMCTP0808D-TK";1
"MJMCTP0808S";1
"MJMCTP0808S-TK";1
"MJMCTP1009D";1
"MJMCTP1009D-TK";1
"MJMCTP1009S";1
"MJMCTP1009S-TK";1
"MJMCTP1210D";1
"MJMCTP1210D-TK";1
"MJMCTP1210S";1
"MJMCTP1210S-TK";1
"MJMCTP1311D";1
"MJMCTP1311D-TK";1
"MJMCTP1311S";1
"MJMCTP1311S-TK";1
"MJMCTP1412D";1
"MJMCTP1412D-TK";1
"MJMCTP1412S";1
"MJMCTP1412S-TK";1
"MJMCTP1513D";0
"MJMCTP1513D-TK";1
"MJMCTP1513S";1
"MJMCTP1513S-TK";1
"MJMCTP1614D";1
"MJMCTP1614D-TK";1
"MJMCTP1614S";1
"MJMCTP1614S-TK";1
"MJMCTP1816D-TK";1
"MJMFCB3622";1
"MJMFCB4022";1
"MJMFPB3218";1
"MJMFPB3622";1
"MJMFPB4022";1
"MJMK300";1
"MJMOS1325PB";1
"MJMOS1330BR";1
"MJMOS1440BR";1
"MJMOS1450BR";1
"MJMOS1450CR";1
"MJMOS1465BR";1
"MJMOS1465PB";1
"MJMOS1470CR";1
"MJMP2000A";1
"MJMP2000AH";1
"MJMP2000G";0
"MJMP2000GH";0
"MJMP2300A";1
"MJMP2300AH";1
"MJMP2300G";0
"MJMP2300GH";0
"MJMP2600A";1
"MJMP2600AH";1
"MJMP2600G";0
"MJMP2600GH";0
"MJMP2900A";1
"MJMP2900AH";1
"MJMP2900G";0
"MJMP2900GH";0
"MJMP3200A";1
"MJMP3200AH";1
"MJMP3200G";0
"MJMP3200GH";0
"MJMPA2300A";1
"MJMPA2300G";1
"MJMPA2600A";1
"MJMPA2600G";1
"MJMPA2900A";1
"MJMPA2900G";1
"MJMPA3200A";1
"MJMPA3200G";1
"MJMPB2818";1
"MJMPB3218";0
"MJMPB3222";1
"MJMPB3618";1
"MJMPB3622";0
"MJMPB4018";1
"MJMPB4022";1
"MJMPF2000A";1
"MJMPF2000G";0
"MJMPF2300A";0
"MJMPF2300G";1
"MJMPF2300GP";0
"MJMPF2600A";1
"MJMPF2600AP";0
"MJMPF2600G";1
"MJMPF2600GP";0
"MJMPF2900A";1
"MJMPF2900AP";0
"MJMPF2900G";1
"MJMPF2900GP";0
"MJMPF3200A";0
"MJMPF3200AP";0
"MJMPF3200G";1
"MJMPF3200GP";0
"MJMPK1";0
"MJMPK3";0
"MJMPK5";0
"MJMPK7";0
"MJMPS1412FMB";1
"MJMPS1412FWA";1
"MJMPS1450AL";1
"MJMPS1450BR";1
"MJMPS1450MB";1
"MJMPS1450WA";1
"MJMPS1465MB";1
"MJMPS1465WA";1
"MJMPS1470MW";0
"MJMPSC1455";1
"MJMS6";1
"MJMTA2300A";0
"MJMTA2300G";1
"MJMTA2600A";0
"MJMTA2600G";1
"MJMTA2900A";0
"MJMTA2900G";0
"MJMTA3200A";0
"MJMTA3200G";0
"MJMTG2000A";0
"MJMTG2000G";1
"MJMTG2300A";0
"MJMTG2300AP";0
"MJMTG2300G";1
"MJMTG2600A";0
"MJMTG2600G";1
"MJMTG2900A";1
"MJMTG2900G";0
"MJMTG3200A";0
"MJMTG3200AP";0
"MJMTG3200G";0
"MJMTG3200GP";0
"MJMTK2600A";1
"MJMTK2900A";1
"MJNGS6";1
"MJNW10-13";0
"MJNW16-13";0
"MJNW16-1302";1
"MJPACCY-X35MH";1
"MJPACCY-X68AB";0
"MJPBDR2818";1
"MJPBDR3218";0
"MJPBDR3222";0
"MJPBDR3618";0
"MJPBDR3622";0
"MJPBDR4018";0
"MJPBDR4022";0
"MJPC6618-X60C";1
"MJPC8622-X60C";0
"MJPCPT-897T-MH";1
"MJPFM1440-50";0
"MJPFM1465";0
"MJPFM1470";0
"MJPFX2525-AB";0
"MJPLX4525D-001A";0
"MJPM1550-X60C";0
"MJPM1646-X60C";0
"MJPM6530-X60C";1
"MJPM6540-X60C";0
"MJPM6543-X60C";1
"MJPM7743-X60C";0
"MJPM8650-X60C";0
"MJPR2000A";0
"MJPR2000AH";0
"MJPR2000G";0
"MJPR2000GH";0
"MJPR2300A";0
"MJPR2300AH";0
"MJPR2300G";1
"MJPR2300GH";0
"MJPR2600A";1
"MJPR2600AH";0
"MJPR2600G";1
"MJPR2600GH";0
"MJPR2900A";1
"MJPR2900AH";0
"MJPR2900G";1
"MJPR2900GH";0
"MJPR3200A";1
"MJPR3200AH";0
"MJPR3200G";1
"MJPR3200GH";0
"MJPRA2600A";1
"MJPRA2600G";1
"MJPRA2900A";1
"MJPRA2900G";1
"MJPRX2525-A01B";0
"MJPV7530-X60C";0
"MJPX6535-X60C";1
"MJPX6540-X60C";0
"MJPX8540-X60C";0
"MJPX8540-X60L";1
"MJQST023-SW";0
"MJR40";1
"MJR50";1
"MJSNM6";1
"MJSP20";1
"MJSP23";0
"MJSP26";0
"MJSP29";0
"MJSP32";0
"MJST16-1401";1
"MJST16-1402";0
"MJST16-1403";1
"MJSTS8";1
"MJTR6116B";1
"MJTS2018ZG-140";0
"MJTS2018ZG-160";0
"MJTS550A-MH";1
"MJTS700-MH";1
"MJTSN4";1
"MJV1530G";1
"MJV1530S";1
"MJV1530SX";1
"MJV6530S";1
"MJV6530SX";0
"MJV7530G";1
"MJV7530S";0
"MJX1535P";1
"MJX4525P";1
"MJX4525PBP";1
"MJX5535D";1
"MJX5535DR";1
"MJX6535D";1
"MJX6535H";1
"MJX6535P";1
"MJX6540P";1
"MJX8540H";1
"MJXBC1614-DK-BK";0
"MJXBC2614-DK-BK";0
"MJXFMT680234-SW-CC";0
"MJXQT0608-GT-CC";0
"MJXQT0806-GT-CC";0
"MJXS750A-MH";1
"MJXTT601";0
"NU515SJBK";1
"NU515SWBL";1
"NU515SWGR";1
"NU515SWPK";1
"NUA160MPBK";1
"NUA160MPBL";0
"NUA160MPGR";1
"NUA160MPPK";1
"NUA165MPBK";1
"NUA165MPBL";1
"NUA165MPGR";1
"NUA165MPPK";1
"NUA170MPBK";1
"NUA170MPBL";1
"NUA170MPGR";1
"NUA170MPPK";1
"NUA245UKBK";1
"NUA245UKWT";1
"NUA270DHBK";1
"NUA270DHWT";1
"NUAC160RD10";1
"NUAC160RD15";1
"NUAC160RD20";1
"NUADSFCL";1
"NUAKCBL";1
"NUAKCGR";1
"NUAKCPK";1
"NUASDR12";1
"NUASDR24";1
"NUASPKIT185DLSK";1
"NUASWH6";1
"NUAWHFCL";1
"NUCL120BBK";1
"NUCL120WBL";1
"NUCL120WGR";1
"NUCL120WPK";1
"NUDO430BBK";1
"NUDO430BBL";1
"NUDO430BGR";1
"NUDO430BPK";1
"NUDO430WBL";1
"NUDO430WGR";1
"NUDO430WPK";1
"NUJF220BK";1
"NUJF220BL";1
"NUJF220GN";1
"NUJF220PK";1
"NUJH610BBK";1
"NUJH610WBL";1
"NUJH610WGR";1
"NUJH610WPK";1
"NUJS520BBK";1
"NUJS520BBL";1
"NUJS520BGR";1
"NUJS520BPK";1
"NUJS520WBL";1
"NUJS520WGR";1
"NUJS520WPK";1
"NUNB200CBK";1
"NUNB200KIO";1
"NUNB200MPBK";1
"NUNB200MPPH";1
"NUNB200PTC";1
"NUNB200RD15";1
"NUNB200RD20";1
"NUNB200RD25";1
"NUNB300CSPT";1
"NUNB300FBK";1
"NUNB300KIO";1
"NUNB300KRB";1
"NUNB300KRG";1
"NUNB300KRP";1
"NUNB300KRR";1
"NUNB300KRY";1
"NUNWS1CBK";1
"NUNWS2CBK";1
"NURB300BK";1
"NURB300BL";1
"NURB300GR";1
"NURB300PK";1
"NURB320BBK";1
"NURB320BBL";1
"NURB320BGR";1
"NURB320BPK";1
"NURB320WBL";1
"NURB320WGR";1
"NURB320WPK";1
"NURG300BK";1
"NURG300BL";1
"NURG300GR";1
"NURG300PK";1
"NURG320BBK";1
"NURG320BBL";1
"NURG320BGR";1
"NURG320BPK";1
"NURG320WBL";1
"NURG320WGR";1
"NURG320WPK";1
"NUSF230BK";1
"NUSF300FBL";1
"NUSF300FSV";1
"NUTO430BBK";1
"NUTO430BBL";1
"NUTO430BGR";1
"NUTO430BPK";1
"NUTO430WBL";1
"NUTO430WGR";1
"NUTO430WPK";1
"PHB1526A";1
"PHB1526ABK";1
"PHB1526ABU";1
"PHB1526AGR";1
"PHB1526APU";1
"PHB1526C";1
"PHB1526CBK";1
"PHB1526CBU";1
"PHB1526CGR";0
"PHB1526CPU";0
"PHB1526E";1
"PHB1526EBK";1
"PHB1526EBU";1
"PHB1526EGR";0
"PHB1526EPU";1
"PHB1526F";1
"PHB1526FBK";1
"PHB1526FBU";1
"PHB1526FGR";0
"PHB1526FPU";0
"PHB1526G";0
"PHB1526GBK";1
"PHB1526GBU";1
"PHB1526GGR";0
"PHB1526GPU";0
"PHB1527";1
"PHB1527BK";1
"PHB1527BU";1
"PHB1527L";1
"PHB1527N";1
"PHB1528A";1
"PHB1528ABK";1
"PHB1528ABU";1
"PHB1528C";1
"PHB1528CBK";1
"PHB1528CBU";1
"PHB1528E";1
"PHB1528EBK";1
"PHB1528EBU";1
"PHB1528F";1
"PHB1528FBK";1
"PHB1528FBU";1
"PHB1528G";1
"PHB1529A";1
"PHB1529ABK";1
"PHB1529ABU";1
"PHB1529E";1
"PHB1529F";0
"PHB1552ABK";1
"PHB1577ABK";1
"PHB1578ABK";0
"PHB1579ABK";1
"PHB1579DABK";1
"PHP1741A";1
"PHP1741C";1
"PHP1741CA";1
"PHP1741E";1
"PHP1741F";1
"PHP1741G";1
"PHP1742CA";1
"PHP1742Q";1
"PHP1742S";1
"PHP1743A";1
"PHP1743C";1
"PHP1743CA";1
"PHP1743E";1
"PHP1743F";1
"PHP1744A";1
"PHP1744CA";1
"PHP1744E";1
"PHP1744F";1
"RN1993PFG2";0
"RN325C64JG2";0
"RN330FG2";0
"RN330JG2";0
"RN330MG2";0
"RN3312FG2";0
"RN3312JG2";0
"RN3312MG2";0
"RN350V63FG2";1
"RN350V63JG2";1
"RN360FG2";0
"RN360JG2";0
"RN360MG2";0
"RN3612C63F2";1
"RN3612FG2";0
"RN3612JG2";0
"RN3612MG2";1
"RN4003FG2";0
"RN4003JG2";0
"RN4003MG2";0
"RN4003SFG2";0
"RN4003SJG2";0
"RN4003SMG2";0
"RN4003SW";0
"RN4003W";0
"RN4005VFG";1
"RN4005VJG";1
"RN4005VMG";1
"RN4030SMG";0
"RN620FG2";1
"RN620JG2";0
"RN620MG2";1
"RN6212FG2";0
"RN6212JG2";0
"RN6212MG2";0
"RN660FG2";0
"RN660JG2";0
"RN660MG2";0
"RN6612FG2";0
"RN6612JG2";0
"RN6612MG2";0
"RN94001";0
"RN94011";0
"RN94021";0
"RN94510";0
"RN94520";0
"RN94530";0
"RN94550";0
"RN94560";0
"RN94570";1
"RN95403";1
"RN95404";0
"RN95406";0
"RN95511";0
"RN97100";0
"RN97101";0
"RN97102";0
"RY00006";0
"RY02036";1
"SR1018A";0
"SR1018C";1
"SR1018E";0
"SR1018F";1
"SR1018G";0
"SR1018H";1
"SR1018I";0
"SR1038L2";1
"SR1038M2";1
"SR1038N2";1
"SR1038P2";1
"SR1038PE2";1
"SR1038Q2";1
"SR1102A2";1
"SR1102C2";0
"SR1102E2";0
"SR1102F2";1
"SR1102G2";0
"SR1102H2";1
"SR1108A";1
"SR1108C";1
"SR1108E";1
"SR1108F";1
"SR1108G";1
"SR1108H";1
"SR1108I";1
"SR1400A2";1
"SR1400C2";0
"SR1400E2";0
"SR1400F2";0
"SR1400G2";0
"SR1400H2";0
"SR1400I2";0
"SR1400J2";0
"SR1400K2";0
"SR1401ABA";1
"SR1401ABC";0
"SR1401ABE";0
"SR1401ABF";0
"SR1401BLA";0
"SR1401BLC";0
"SR1401BLE";1
"SR1401BLF";1
"SR1401CRA";1
"SR1401CRC";0
"SR1401CRE";0
"SR1401CRF";0
"SR1401DPA";0
"SR1401DPC";1
"SR1401DPE";0
"SR1401DPF";1
"SR1401LBUA";1
"SR1401LBUC";0
"SR1401LBUE";0
"SR1401LBUF";0
"SR1401RPA";1
"SR1401RPC";0
"SR1401RPE";1
"SR1401RPF";0
"SR1401SGA";1
"SR1401SGC";0
"SR1401SGE";0
"SR1401SGF";0
"SR1401SIC";1
"SR1401WHA";1
"SR1401WHC";1
"SR1401WHE";0
"SR1401WHF";0
"SR1420C";1
"SR1420E";0
"SR1438A";0
"SR1438C";0
"SR1438E";0
"SR1438F";0
"SR1439A";0
"SR1439C";1
"SR1439E";0
"SR1439F";0
"SR1441ABP";1
"SR1441ABQ";1
"SR1441DPP";0
"SR1441DPQ";0
"SR1456C";0
"SR1456E";0
"SR1470C";1
"SR1490ABA";0
"SR1490ABC";0
"SR1490ABE";0
"SR1490DPA";0
"SR1490DPC";0
"SR1490DPE";0
"SR1500A";0
"SR1500B";0
"SR1500C";0
"SR1500E";0
"SR1500F";0
"SR1500G";0
"SR1500H";1
"SR1500I";1
"SR1505L";1
"SR1505M";0
"SR1505N";0
"SR1505P";0
"SR1505PE";1
"SR1505Q";0
"SR1505QE";0
"SR1515A";0
"SR1515BLA";0
"SR1515DPA";1
"SR1542A";0
"SR1542C";0
"SR1542E";1
"SR1542F";1
"SR1542G";1
"SR1550A";0
"SR1550C";0
"SR1550E";0
"SR1550F";1
"SR1550G";0
"SR1551N";1
"SR1551P";0
"SR1551PE";1
"SR1551Q";0
"SR1551QE";0
"SR1560A";1
"SR1560C";0
"SR1583A";1
"SR1586A";0
"SR1586C";1
"SR1586E";1
"SR1586F";1
"SR1590A";0
"SR1590C";0
"SR1591A";0
"SR1591C";0
"SR1596A";0
"SR1597A";1
"SR1598A";0
"SR1864A";1
"SR1865A";0
"SR1866P";0
"SR1866PE";0
"SR1866Q";0
"SR1866QE";0
"SR1875A";0
"SR1875C";0
"SR1876P";1
"SR1876PE";0
"SR1876Q";0
"SR1876QE";0
"SR1877P";1
"SR1877PE";0
"SR1877Q";0
"SR1877QE";1
"SR1880A";0
"SR1880OFTA";1
"SR1884A";0
"SR1950A";1
"SR1950C";1
"SR1950E";1
"SR1950F";1
"SR1950G";1
"SR1950I";1
"SR1950MBC";0
"SR1950MPC";0
"SR1950MUC";0
"SR1950NBA";0
"SR1950NBC";1
"SR1950RDC";0
"SRAC1799AC";1
"SRC1357A";0
"SRC1372A-B";0
"SRC1372C-B";1
"SRC1372C-R";1
"SRC1372E-B";1
"SRC1372E-R";1
"SRC1372F-B";1
"SRC1372F-R";1
"SRC1372G-B";1
"SRC1372G-R";1
"SRC1372I-R";1
"SXEURO4BKCL";1
"SXEURO4CLMBL";1
"SXEURO4CLMGD";1
"SXEURO4CSTBLK";0
"SXEURO4CSTNAT";0
"SXEURO4CSTRED";0
"SXEURO4CSTVLT";0
"SXEURO4DWAMB";0
"SXEURO4DWAMREL";0
"SXEURO4DWBKS";0
"SXEURO4DWWHREL";0
"SXEURO4LXBBRST";1
"SXEURO4LXBHMM";1
"SXEURO4LXBMBKS";1
"SXEURO4LXBNSM";1
"SXEURO4LXBURST";1
"SXEURO4LXHMM";0
"SXEURO4LXMBKS";0
"SXEURO4LXMWH";1
"SXEURO4LXNSM";0
"SXEURO4RSTSDGL";1
"SXEURO4RSTSIENNA";1
"SXEURO4RSTTRQTD";0
"SXEURO4RSTZBW";1
"SXEURO4WHCL";0
"SXEURO4XSBG";1
"SXEURO4XSWG";1
"SXEURO5BKCL";1
"SXEURO5CLMGD";1
"SXEURO5CSTBLK";0
"SXEURO5CSTNAT";0
"SXEURO5CSTRED";0
"SXEURO5CSTVLT";0
"SXEURO5HYPRED";0
"SXEURO5LXBBRST";1
"SXEURO5LXBHMM";1
"SXEURO5LXBMBKS";0
"SXEURO5LXBNSM";1
"SXEURO5LXBURST";1
"SXEURO5LXHMM";1
"SXEURO5LXMBKS";0
"SXEURO5LXMWH";0
"SXEURO5LXNSM";0
"SXEURO5RSTSDGL";1
"SXEURO5RSTSIENNA";0
"SXEURO5RSTTRQTD";0
"SXEURO5RSTZBW";1
"SXEURO5WHCL";1
"SXEURO6LXHMM";1
"SXEURO6LXMBKS";0
"SXICONNC4FB";0
"SXICONNC4FBBK";0
"SXICONNS2BBC";0
"SXICONNS2BBK";0
"SXICONNS2BBLKS";0
"SXICONNS2BWH";0
"SXICONNS5BBC";0
"SXICONNS5BBK";0
"SXICONNS5BBLKS";0
"SXICONNS5BWH";0
"SXZCASE4+5S";0
"SXZDELUXEGB";1
"SXZSSGB";1
"SXZSSMSNRW45105";1
"SXZSSMSNRW45130";1
"SXZSSNRW30130";1
"SXZSSNRW45105";1
"SXZSSNRW45130";1
"SXZTSACASE";0
"SXZUNICASE";0
"WAB103EH";0
"WAD255";1
"WAD255CE";0
"WAD350CE-SW";1
"WAD350W";1
"WAD450W";1
"WAD550CE";1
"WAD550CEW";1
"WAD550E";1
"WAD550EW";1
"WAD552E";1
"WAD552EW";0
"WAD600CEW";1
"WAD603CEW";1
"WAD640CEB-B";0
"WAD640CEB-B-W";0
"WAD740EW";1
"WAD803EW";1
"WAF255CE";1
"WAG2070RCEH";0
"WAG3033RCEH";0
"WAG550E";1
"WAG550EW";1
"WAG550RCEL";1
"WAG550RCELW";1
"WAG550RE";0
"WAG550REW";1
"WAG551E";0
"WAG551EW";0
"WAG553E-48-W";0
"WAG570CE";1
"WAG570CEW";1
"WAG570ETB";1
"WAG570ETBW";1
"WAG633CEW";1
"WAG633RCE-G-W";0
"WAG740RE-G-W";0
"WAG770CEW";1
"WAG803CEW";0
"WAG803RE-G-W";0
"WAN255CE";1
"WAN350-34W";1
"WAN350W";1
"WAN430-S1W";1
"WAN450W";1
"WAN550E";1
"WAN550EW";1
"WAO350W";0
"WAO351EW";0
"WAO450W";0
"WAO550E";1
"WAO550EW";1
"WAT350W";0
"WPZB202";1
"WPZB204";1
"WPZB205";1
"XO1236GT";0
"XO1236L";1
"XO1236LO";0
"XO1236LT";1
"XO1236RL";0
"XO1236RLO";0
"XO1236RLT";1
"XO1240L";0
"XO1240LT";1
"XO1240RL";0
"XO1240RLT";0
"XO1242L";0
"XO1242RL";0
"XO1270L";0
"XO1270S";1
"XO1270SS";0
"XO1600IL";0
"XO1600IS";1
"XO1600ISS";1
"XO1602GLLTR";0
"XO1602LR3";0
"XO1602LR4";1
"XO1602LS3";1
"XO1602LS4";1
"XO1602RLR3";1
"XO1602RLR4";1
"XO1602RLS3";1
"XO1602RLS4";1
"XO1602RSR3";0
"XO1602RSR4";1
"XO1602RSS3";1
"XO1602RSS4";1
"XO1602RSSR3";1
"XO1602RSSR4";1
"XO1602RSSS3";1
"XO1602RSSS4";1
"XO1602SLTR";1
"XO1602SR3";1
"XO1602SR4";1
"XO1602SS3";1
"XO1602SS4";1
"XO1602SSLTR";0
"XO1602SSR3";1
"XO1602SSR4";1
"XO1602SSS3";1
"XO1602SSS4";1
"XO1624LR";0
"XO1624LS";0
"XO1624RLR";0
"XO1624RLS";0
"XO1624RSR";1
"XO1624RSS";0
"XO1624RSSS";0
"XO1624SS";1
"XO1624SSR";1
"XO1624SSS";1
"XO1632GLLT";0
"XO1632RGLLT";0
"XO1634LT";0
"XO1634RLT";0
"XO1646RL";0
"XO1646RS";0
"XO1646RSS";0
"XO1650";0
"XO1650D";0
"XO1651";0
"XO1651D";1
"XO1680L";0
"XO1680SS";0
"XO1700L";1
"XO1700RL";1
"XO1700RS";0
"XO1700RSS";0
"XO1700S";1
"XO1700SS";1
