Product Code,Availability
O-BEANIE-BK,1
OKBST,1
1B-RUGA-ORG,1
HUMIGT-BK,1
HUMIGT-SV,1
HUMIUK-BK,1
HUMIUK-SV,1
ODECOFLAG70,1
OHTM,1
OLP-GTR,1
OLP-STR,1
OSW-STD,1
OSWC-3H,1
1B-RGA-ORG,1
HKPROX-SE,1
MAGUSX/U,1
OFB1,1
ONS50STD-BK,1
ONS50STD-BL,1
ONS50STD-BR,1
ONS50STD-RD,1
ONS50STD-WH,1
OPGS-2BK,1
OSM-BK,0
OSM-BR,1
OSSU-10,1
OSSU-20,1
OSSU-30,1
OSSU-40,1
OUS-MAY,1
OUS-SUN,1
OUS-VOO,1
OWC1,1
OWFS-1DB,0
FEX4,1
FEX5,1
MAGUSFLY/G,1
MAGUSFLY/U,1
MAGUSUKE,1
OBN28G,1
OBN60G,1
OCAP-BK,1
OCAP-CO,1
OCAPOUKE-CR,1
OCAPOUKE-SBK,1
OCAT-2BK,1
OER-CR2032/2,1
OGP-BP-H10,1
OGP-BP-M10,1
OGP-BP-T10,1
OGP-TO-M10,1
OGP-TO-T10,1
OGP-VP1,1
OGP-WP-H10,1
OGP-WP-M10,1
OGP-WP-T10,0
OGPW-CH2,1
OGPW-MIX4,1
OGPW-OV2,1
OGPW-PD2,1
OGPW-SW2,1
OIWM,1
OLEM,1
OML-D,1
OML-S,1
OMUH-BK,1
OPB10000,1
OPC-GR/LG,1
OPC-XXL,1
OSMU-M,1
OSMU-S,1
OWFS-1NT,0
OWS-L,1
OWS-M,1
OWS-S,1
UKEPICK-ASS,1
OBJS-BK,1
OCBT-10,1
OSAR-1,1
OSAR-2,1
OSAR-3,1
OSAR-4,1
OSAR-5,1
OSBS-1,1
OSBS-2,1
OSBS-3,1
OSBY-1,1
OSBY-2,1
OSBY-3,1
OSBY-4,1
OSBY-5,1
OSBY-6,1
OSCL-1,1
OSCL-3,1
OSCL-4,1
OSCL-5,1
OSCL-6,1
OSCL-7,1
OSCU-4,1
OSCU-5,1
OSCU-6,1
OSMDLX-BK,1
OSMDLX-BR,1
OSN-65SKBK,1
OSN-65SKBU,1
OSN-65SKCO,1
OSSU-50,1
OSSU-60,1
OSSU-70,1
OUS-GRFL,1
OUS-ORFL,1
OUS-PALM,1
OUS-PUFL,1
OWCI,1
OWSH,1
1B-CONE-ASH,1
CONE-ASH,1
ELIMINATOR100,1
ELIMINATOR86,1
HONE,1
MAGUSGO,1
MAGUSPRO/B,1
MAGUSPRO/G,1
MAGUSUKEGO,1
OABCSTD,1
OAS,1
OAS-FL,1
OBJCSTD,1
OBN30BRA,1
OBN60BRA,1
OBPS,1
OCAPO-CR,1
OCAPO-SBK,1
OCAPOCV-CR,1
OCAPOCV-SBK,1
OCAPOUKE-BCR,1
OCAPOUKE-MAD,1
OCAPOUKE-WND,1
OCST-1BK,1
OERP,1
OERP-FLAM2,1
OET-BK,1
OETRC,1
OGBAB-DLX-BK,1
OGBAB-DLX-GY,1
OGBAC-DN-BLJ,unknown
OGBAC-DN-GRJ,1
OGBAC-DN-PUJ,1
OGBAC-DN-SUJ,0
OGBCJ-MO,1
OGFT-NT,1
OGH-1,1
OGH-1NT,1
OGH-1WH,0
OGH-1WN,1
OGP-FTH,1
OGP-FTS,1
OGPWXLF-CH2,1
OGPWXLF-MIX4,1
OGPWXLF-OV2,1
OGPWXLF-PD2,1
OGPWXLF-SW2,1
OGS-1BK,1
OGS-2BK,1
OKB4-MBK,1
OKB4-MBL,1
OKB4-MGR,1
OKB4-MRD,1
OLP-FB,1
OPG-FLAM2,1
OSKULL-CO-XL,1
OSOCABJ-MO,1
OSSFT-NT,1
OSTP2-BK,1
OSTP2-CR,1
OSTP2-GO,1
OTBH-DLX,1
OTM-RGL18,1
OUH-1,1
OUH-1NT,1
OUH-1WH,1
OWFS-1WR,0
OWS-XL,1
PU20-OTCPA-04,1
VE40-OSW-STD,1
MAGUSX/G,1
OBJSDLX-BK,1
OBN28MBK,1
OBN28MGO,1
OBN28MSL,1
OBN60MBK,1
OBN60MGO,1
OBN60MSL,1
OCS-200,1
OCS-200U,1
OCS-210,1
OCS-210U,1
OCS-220,1
OCS-220U,1
OCS-230,1
OCS-230U,1
OCS-240,1
OCS-240U,1
OCS-250,1
OCS-250U,1
OCS-260,1
OCS-260U,1
OCS-270,1
OCS-270U,1
OCS-450,1
OCS-450U,1
OCS-500,1
OCS-500U,1
ODC4,1
ODC6,1
ODC8,1
ONB-PTWO,1
OSAR-6,1
OSAR-7,1
OSCU-1,1
OSCU-2,1
OSCU-3,1
OSKULL-BK-M,1
OSVG-75BK,1
OSVG-75BR,1
OSVG-75RD,1
OSVG-75TN,1
OSVG-BK,1
OSVG-BR,1
OSVG-RD,1
OSVG-TN,1
OUH-1WN,1
1B-OMS-1BK,1
ANNALOG,1
ANNALOGX-SE,1
HORSEKICKPRO,1
HUMIBUSTER100,1
HUMIBUSTER80,1
MAGUS-OCTOPUS,1
OACCSTD-DN,1
OBCF,1
OBPS-DLX,1
OBS24-BLKC,1
OBS24-WHKC,1
OBS24V2,1
OBS30-BLKC,1
OBS30-WHKC,1
OBS30V2,1
OCAPO-BCR,1
OCAPO-MAD,1
OCAPO-WND,1
OCAPOCV-BCR,1
OCAPOCV-WND,1
OCAPOPRO-BK,1
OCAPOPROCV-BK,1
OCAPOUKE-BRB,1
OCCSTD,1
OCS-550,1
OEBCSTD,1
OECIS-15PVC,1
OEGCSTD,1
OER-30511,1
OERP-FLAM1,1
OGBCJ-BX,1
OGBCJ-OC,1
OGBCL-BLJ,1
OGBCL-GRJ,1
OGBCL-PUJ,1
OGBCL-SUJ,1
OGBDN-DLX-BK,1
OGBDN-DLX-GY,1
OGBEB-DLX-BK,1
OGBEB-DLX-GY,1
OGBEG-DLX-BK,1
OGBEG-DLX-GY,1
OGH-1CSB,1
OGH-1CW,1
OGH-1TSB,1
OGH-1WR,1
OGHAD-1,1
OGHAD-1WN,1
OGP-F-H3,1
OGP-F-S3,1
OKB30TH-BW,1
OKB30TH-DO,1
OKB30TH-JF,1
OKB30TH-ST,1
OLP-PACK,1
OMS-1BK,1
OPG-FLAM1,1
OPOLO-DLX-L,1
ORGCPRO,1
ORT-CATALOG26,1
OSKULL-BU-XL,1
OSLOPRO-CR,1
OSLOPRO-GO,1
OSOCABJ-BX,1
OSOCABJ-OC,1
OSOCADN-MO,1
OSOCAUK-CC-MO,1
OSOCAUK-SO-MO,1
OSOCAUK-TE-MO,1
OSW-DLX-TBK,1
OSW-DLX-TBL,1
OSW-DLX-TCL,1
OSW-DLX-TGR,1
OSW-DLX-TOR,1
OSW-DLX-TRD,1
OSW-DLX-TYE,1
OTEE-5020BK,1
OTEE-5020OR,1
OTEE-7020BK,1
OTEE-7020OR,1
OTS-TP-L,0
OTS-TP-M,0
OTS-TP-XL,0
OTS-TP-XXL,0
OUCSTD-BA,1
OUCSTD-CC,1
OUCSTD-SO,1
OUCSTD-TE,1
OUH-1CSB,1
OUH-1CW,1
OUH-1TSB,1
OUH-1WR,1
OWGS-1,1
OWGS-2,1
OWPSC-EB,1
OWPSC-WN,1
OWPTB-EB,1
OWPTB-FMA,1
OWPTB-WN,1
OWUS-1,1
OWUS-2,1
PU20-OGPOR-M,1
STWO,1
TNCAPO-BCR,1
TNCAPOCV-BCR,1
TWCAPO-CR,1
OCO-4,1
OCS-100,1
OCS-100U,1
OCS-130,1
OCS-130U,1
OCS-140,1
OCS-150,1
OCS-150U,0
OCS-300,1
OCS-300U,1
OCS-310,0
OCS-310U,1
OCS-320,1
OCS-320U,0
OCS-330,1
OCS-330U,1
OCS-340,1
OCS-350,1
OCS-350U,1
OCS-400,1
OCS-400U,1
OCS-410,1
OCS-410U,1
OCS-420,1
OCS-420U,1
OCS-440,1
OCS-460,1
OCS-460U,1
OCS-470,1
OCS-470U,1
OCS-510,1
OCS-510U,1
OCS-540,1
OCS-540U,1
OCS-550U,1
OCS-560,1
OCS-560U,1
OECI-10,1
OECI-15,1
OECI-20,1
OECI-30,1
OECI-5,1
OECI-5PVC,1
OECIS-10,1
OECIS-15,1
OECIS-20,1
OECIS-30,1
OECIS-5,1
OECPA3-06,1
OGSHK-BK,1
OGSHK-BR,1
OMUG,1
OPS9500EU,1
OPS9500JP,1
OPS9500US,1
ORCCI-30BK,1
ORCCI-30WH,1
ORCCIS-30BK,1
ORCCIS-30WH,1
OTCIS-20,1
OTCIS-30,1
OUSHK-BK,1
OUSHK-BL,1
OUSHK-BR,1
OUSHK-RD,1
OUSHK-WH,1
OWPSC-FMA,1
CONNECT-BK,1
CONNECT-TN,1
GLNY-6,1
OBBSTD-ACB,0
OBSW12,1
OBSW30,1
OCCPRO,1
OCCSTD-T,1
OETRCSD-10,1
OGFT,1
OGHAD-1CW,1
OGP-TO-H10,1
OGPST12-050,1
OGPST12-060,1
OGPST12-073,1
OGPST12-088,1
OGPST12-100,1
OGPST12-120,1
OMCSTD-A,1
OMCSTD-F,1
ONB-BJ,0
ONB-MA,1
OPS9500UK,1
OSKULL-BK-S,1
OSLOPRO-GB,1
OSOCADN-BX,1
OSOCADN-CP-L,1
OSOCADN-OC,1
OSOCAUK-CC-BX,0
OSOCAUK-CC-OC,1
OSOCAUK-SO-BX,1
OSOCAUK-SO-OC,1
OSOCAUK-TE-BX,1
OSOCAUK-TE-OC,1
OSTBCJ-BU,0
OSTCJB-BP,1
OTMBJDC-CR,1
OTMBJDC-GO,1
OTMDLX-BKBK,1
OTMDLX-GOBK,1
OTMEB22-CR,1
OTMEB22-GO,1
OTMEG33-CR,1
OTMEG33-GB,1
OTMEG33-GO,1
OTMPREMIUM,1
OTMSTD-GOWH,1
OTMUKDC-CR,1
OTMUKDC-GO,1
OTMUKOG-CR,1
OTMUKOG-GO,1
OTMUKSTD-CR,1
OTS1-VBK-L,1
OTS1-VBK-M,1
OTS1-VBK-S,1
OTS1-VBK-XL,1
OTS1-VBK-XXL,1
OTS2-NBL-34,1
OTS2-NBL-56,1
OTS2-NBL-78,1
OTS3-DSS-L,1
OTS3-DSS-M,1
OTS3-DSS-S,1
OTS3-DSS-XL,1
OTS3-DSS-XXL,0
OTS3-VBK-L,1
OTS3-VBK-M,1
OTS3-VBK-S,1
OTS3-VBK-XL,1
OTS3-VBK-XXL,0
OUB-CC-BLJ,0
OUB-CC-GRJ,1
OUB-CC-PUJ,1
OUB-CC-SUJ,1
OUB-SO-BLJ,1
OUB-SO-GRJ,1
OUB-SO-PUJ,1
OUB-SO-SUJ,1
OUB-TE-BLJ,1
OUB-TE-GRJ,1
OUB-TE-PUJ,1
OUB-TE-SUJ,1
RU4,0
RU4MM,0
RU4MM-CE-TE-8,1
RU4MM-TE-8,0
RUGH-BKT,1
RUGH-OCT,1
RUGH-PLT,1
RUGH-SRT,1
RUHZT-CE-VP,1
SONE,1
TWCAPO-SBK,1
TWCAPO-WND,1
UKSBK-TE-LG,1
UKSBK-SOCC-LG,1
OCS-520,1
OCS-520U,1
OECM-10JX,1
OECM-20JX,1
OECM-30JX,1
1B-D7CE-5,1
1B-D8CE-5,1
1B-OCJPF-3,1
1B-OUBJE90MAL,1
1B-RUHZ30THDO,1
BJP-5,1
BJRH-5,1
BJRH-5L,1
D7CE-5,1
D8CE-5,1
GBJP-6,1
GTLS,1
GTLSBK,1
LIZZY-BS-GB,1
MAP-8,1
OBSW24,1
OCCPRO-T,1
OCCSTD-34,1
OCJP-GB,1
OCJPF-2,1
OCJPF-3,1
OCS-440U,1
OFS-BKS,1
OFS-BLS,1
OGBCL-DLX-BK,1
OGBCL-DLX-GY,1
OKB1,1
OKB2,1
ONB-BJ-L,1
ONB-MA-L,1
ONB-RQ,1
ONB-RRG40,1
ONB-RRG40-L,1
OSCCSTD,1
OSOCACL-MO,1
OSOCACL34-MO,1
OSSFT,1
OSTBCJ-L-BU,1
OTM-FAMILYBK,1
OTM-FAMILYNT,1
OTM-STUDENT,1
OTMEB22-GB,1
OTMEB4L-CR,1
OTMEB4L-GO,1
OTMEG6L-CR,1
OTMEG6L-GO,1
OTMLOCK33-CR,1
OTMLOCK33-GO,1
OTMMADLX-CR,1
OTMMADLX-GO,1
OTMMAPREM-CR,1
OTMMAPREM-GO,1
OTMMASTD-CR,1
OTMMASTD-GO,1
OTMPRIVATE,1
OTMUKDC-GB,1
OTMVG-BS,1
OTS4-VBK-L,1
OTS4-VBK-M,1
OTS4-VBK-S,1
OTS4-VBK-XL,1
OTS4-VBK-XXL,0
OUBSTD-BA,1
OUBSTD-CC,1
OUBSTD-PINE,1
OUBSTD-SI,1
OUBSTD-SO,1
OUBSTD-TE,1
OUGB-BS,1
OUGB-CC,1
OUGB-SO,1
OUGB-TE,1
QUANTUMEXP,1
QUANTUMLOOP,1
RUDAWN,1
RUGA-ORG,1
RUHZ30TH-DO,1
RUHZ30TH-JF,1
RULAGOON,1
ABP-4,1
ABP-5,1
BYWSM,1
MAGUSPRO/B-RC,1
MAGUSPRO/G-RC,0
NYP7,1
NYP8,1
OECM-10XX,1
OECM-20XX,1
OECM-30XX,1
OKB1E,1
OSVU-BK,1
OSVU-BR,1
OSVU-RD,1
OSVU-TN,1
TZSM-3,1
1B-NEO-U-TGBL,1
1B-OBJ650-SBK,1
1B-OBJE350/6S,1
1B-OCJPF-2-L,1
1B-RUGA-PLT,1
1B-RUGA-SKY,1
1B-RUHZ-CESBK,1
ATB44NH,1
ATB44NH-A5,1
ATB44NH-B2,1
ATB44NH-D4,1
ATB44NH-E1,1
ATB44NH-E6,1
ATB44NH-G3,1
ATB44NM,1
ATB44NM-A5,1
ATB44NM-B2,1
ATB44NM-D4,1
ATB44NM-E1,1
ATB44NM-E6,1
ATB44NM-G3,1
ATG44NH,1
ATG44NM,1
BEATNICK,1
NEO-BS-TGB,0
NEO-BS-TSB,1
NEO-U-TGB,1
NEO-U-TGB-L,1
NEO-U-TSB,1
OBJ250-SBK,1
OBJ350/6-SBK,1
OBJ450-SBK,1
OBJ650-SBK,1
OBJE350/6-SBK,1
OBJE400TBL,1
OBJE400TCO,1
OBJE400TGR,1
OCJP-L-GB,1
OCJPF-2-L,1
OCJPF-3-L,1
ODW-4,1
OETSD-10BK,1
OGPST36-050,1
OGPST36-060,1
OGPST36-073,1
OGPST36-088,1
OGPST36-100,1
OGPST36-120,1
OKB3,1
ONB-GTL,1
ONB-RRG30,1
OSOCACL-BX,1
OSOCACL-CP-L,1
OSOCACL-OC,1
OSOCACL34-BX,1
OSOCACL34-OC,1
OTM-FAMILYPRO,1
OTMEB4L-GB,1
OTMEG6L-GB,1
OTMLOCK33-GB,1
OTMLOCK6L-CR,1
OTMLOCK6L-GO,1
OTS4-VBL-L,1
OTS4-VBL-M,1
OTS4-VBL-S,0
OTS4-VBL-XL,1
OTS4-VBL-XXL,1
OTS4-VGR-L,1
OTS4-VGR-M,1
OTS4-VGR-S,0
OTS4-VGR-XL,1
OTS4-VGR-XXL,1
OUB25-CC,1
RMA200PF,1
RMAE200PF,1
RMF200PF,1
RMFE200PF,1
RSP-M,1
RTPS-U-NAT,1
RTPS-U-SBK,1
RTPX-U-ACA,1
RTPX-U-FMA,1
RU5MM,1
RU5MM-SO,0
RU5MM-TE,1
RUDAWN-CE,1
RUDAWN-L,1
RUEB-CC,1
RUFIRE,1
RUFOREST,0
RUGA-GAP,1
RUGA-PLT,1
RUGA-SKY,1
RUHZ-CE-SBK,1
RUHZ-MM,1
RUHZ-SBK,1
RUOCEAN,1
RUPA5MM,1
RURUBY,1
1B-BYWSM,1
1B-R122G,1
1B-RGA-GAP,1
1B-RST5M3/4BK,1
1B-TZSM-3-L,1
BYWSM-U,1
OBT-1,1
OBT-2,1
OTM-TP,1
RQ25,1
RQC25,1
RST5,1
RST5-1/2,1
RST5-3/4,1
RST5M,1
RST5M-3/4BK,1
RST5MBK,1
RSTC5M,1
RSTC5M-3/4,1
RSTC5M-L,1
RUNAB-BA,1
RUOX-BA,1
TZSM-3-L,1
1B-LIZARDCCGB,1
1B-OBJE356SBL,1
1B-OUBJ100SBK,1
1B-RCE138T4ST,1
1B-RCE141BK,1
1B-RGL5CE,1
1B-RGL5EB-CE,1
1B-RMA5NA-L,1
1B-RU11,1
1B-RUET-ZC,1
D7CE-4-L,0
D8CE-5-L,0
LIZARD-CC-GB,1
LIZARD-TE-GB,1
NEO-BS-TGB-L,1
OBJ150-WB,1
OBJ550W-SNT,1
OBJ750-MA,1
OBJ850-MA,1
OBJ950-FMA,1
OBJE356-SBK-L,1
OBJE400TCO-L,1
OBJE400TFR,1
OCTA-8NS,1
OGBSTD-12,1
OGBSTD-34,1
OGBSTD-44,1
OGPSD-216,1
ONB12,1
ONB14,1
ONB34,1
ONB44,1
ONB78,1
OTMLOCK6L-GB,0
OUBJ100-SBK,1
OUBJE90-MA,1
R121-7/8WR,1
RFU10S,0
RFU10Z,1
RFU11S,0
RFU11Z,1
RGL5,1
RGL5CE,1
RGL5EB,1
RGL5EB-CE,1
RMA30-WB-L,1
RMA5NA-L,1
RTPS-U-SBK-L,1
RU10,1
RU11,1
RU5,1
RU5-BA,1
RU5-SO,1
RU5-TE,1
RU5MM-CE,1
RU5MM-L,1
RUACA-BA,1
RUACA-CC,1
RUACA-TE,1
RUAR-BI,1
RUAR-EY,1
RUAR-HY,1
RUCOAL,1
RUDAWN-CE-L,1
RUEB-SO,1
RUEB-TE,1
RUHZ-CE-MM,0
RUHZ-CE-STAR,1
RUHZ-MM-L,0
RUMG,1
RUOCEAN-CE,1
RUOCEAN-L,0
RUPA5,1
RUPUKI,1
RURUBY-CE,1
RUWN,1
UKA-CC,1
UKA-SO,1
UKABK-CC,1
UKABK-SO,1
UKP-BA,1
UKP-CC,1
UKP-SO,1
UKP-TE,1
UKS-BA,1
UKS-CC,1
UKS-SO,1
UKS-TE,1
UKSBK-BA,1
UKSBK-CC,1
UKSBK-SO,1
UKSBK-TE,1
UNY-6-TE,1
UNY-8-TE,1
UWNY-4-BA,1
UWNY-4-CC,1
UWNY-4-SO,1
UWNY-4-TE,1
1B-R121-1/4WR,1
1B-R121-3/4WR,1
1B-R121WH,1
1B-R159,1
1B-RCE158MN,1
1B-RCE158SN,1
1B-RCE159-8,1
1B-RE158RWSN,1
1B-RE159RWSN,1
1B-RST5MOC,1
1B-RTPSTDNATL,1
GRSUITE-TCE,1
OGB44/25TH,1
OSWS100,1
OSWS86,1
PTWO,1
PTWO-E,1
PTWO-LTD,1
PTWO-LTD2,1
R121-1/2WH,1
R121-1/2WR,1
R121-1/4WR,1
R121-3/4WH,1
R121-3/4WR,1
R121WH,1
R121WR,1
R158,1
R159,1
R16PC,unknown
R16S,1
R18G,0
R18S,0
R19S,0
R20GSNWN,0
R20GWN,0
R55,1
RCE125-3/4,1
RCE138SN,1
RCE158MN,1
RCE158RW-8,0
RCE158SN,1
RCE159MN,1
RCE159RW-8,0
RCE238SN-BKT,1
RCE238SN-FT,1
RE158RWSN,1
RE159RWSN,1
RGA-ORG,1
RPPC34,1
RPPC44,1
RRA-BKT,1
RRA-OCT,1
RRA-PLT,1
RRA-SRT,1
RST5M-3/4OC,1
RST5MOC,1
RTP-LTD,1
RTPDLX-ACA-L,1
RTPG-LS2,1
RTPSTD-NAT-L,1
RUCOAL-L,0
1B-OBJ950-FMA,1
1B-R221BK-L,1
1B-RMFE40SBK,1
1B-RUOX-SO,1
HYDRA,1
JRSM-COS,1
LIZARD-CC-GBL,1
OCTA-8A5,1
OCTA-8B2,1
OCTA-8B7,1
OCTA-8E1,1
OCTA-8E6,1
OCTA-8E8,1
OCTA-8G3,1
ODWS-1,1
ODWS-1BK,1
ODWS-1CAR,1
ORUG,1
OTMUB-GB,1
OUBJE90-MA-L,1
RFU10ZE,1
RFU11SE,1
RFU11Z-L,1
RFU11ZE,1
RMAE40SBK,1
RMFE40SBK,1
RMFE90TS,1
RQS,1
RU5CE,1
RU5CE-BA,1
RU5CE-TE,1
RU5L,0
RUAR-MI,1
RUCOAL-CE,1
RUEB-CC-L,1
RUET-ACA,1
RUET-EB,1
RUET-QMA,1
RUET-SMA,1
RUET-ZC,1
RUMG-CE,1
RUMG-L,1
RUNAB-CC,1
RUNAB-SO,1
RUNAB-TE,1
RUOCEAN-CE-L,0
RUOX-CC,1
RUOX-TE,1
RUPUKI-CE,1
RUSL-HSB,1
RUSWB-CC,1
RUSWB-SO,1
RUSWB-TE,1
RUWN-CE,1
1B-CAIMANBSGB,1
1B-KT-WALKER3,1
1B-KTSM2-5,1
1B-R121-3/4OC,1
1B-RGLE18ACA,1
1B-RMAE30-WB,1
1B-RMAE40SBKL,1
1B-RTPSTD-NAT,1
1B-RUACA-BA,1
1B-RUEL-MBL,1
CAIMAN-BS-GB,0
ECLIPSE-CC4,1
ECLIPSE-TE8,0
FLAMETAL-TWO,1
HYDRA-BSTE,1
KT-WALKER-V3,1
KTSM2-4,1
KTSM2-5,1
NYA12N,1
NYA34N,1
NYA44EH,1
NYA44H,1
NYA44N,1
NYP12N,1
NYP34N,1
NYP44EH,1
NYP44H,1
NYP44N,1
NYS34N,1
NYS44EH,1
NYS44H,1
NYS44N,1
OBJ150OP-WB,1
OBJ300-WB,0
OECISPV-30,1
OFSW-L,1
OFSW-S,1
ONB44L,1
R121,1
R121-1/2,1
R121-1/4,0
R121-3/4,1
R121-3/4OC,1
R121-7/8,1
R221BK-L,0
RCE159SN,1
RE238SN-BKT,1
RFU11ZE-L,1
RGLE18ACA,1
RGLE18FMH,1
RMAE30-WB,1
RMAE40SBK-L,1
RRG30E-DD,0
RRG30E-WB,0
RRG40CE-DBK,1
RRG50CE-SSB,1
RRG60E,0
RTPDLX-ACA,1
RTPSTD-NAT,1
RTPSTD-SBK,1
RU5CE-L,1
RUCOAL-CE-L,1
RUEL-MBK,1
RUEL-MBL,1
RUEL-MGR,1
RUEL-MRD,1
RUMG-CE-L,1
RUNAB-UB,1
RUPR-IVY,1
RUTI-CC,1
RUTI-SO,0
RUTI-TE,1
1B-BRIDESUITE,1
1B-GRANDSUITE,1
1B-RCE125SBK3,1
1B-RCE138-T4,1
1B-RCE138SN-L,1
1B-RCE170F,1
1B-RE30TH-ACA,1
BRIDESUITECE,1
EXOTICSUITECE,1
GRANDSUITE,1
GRANDSUITE-CE,0
OCTA-8D4,1
OECISPV-10,1
OECISPV-15,1
OECISPV-20,1
OECISPV-5,1
R121LWR,1
R18S-L,0
R20GWN-L,0
R221BK,1
R221BK-7/8,0
R23RO,1
RCE125SBK-3/4,1
RCE138-T4,1
RCE138-T4BK,1
RCE138SN-L,1
RCE159MN-L,1
RCE238SN-FT-L,1
RCE23RO,0
RE30TH-ACA,1
RGA-GAP,1
RGA-SKY,1
RQ38,1
RQ39,0
RQ39E,1
RTPDLX-FMA-L,1
RTPG-LS1,1
STRIPEDSU.C/E,1
1B-LIZZYBSFLG,1
1B-R121-1/4-L,1
1B-R122,1
1B-R122-7/8,1
1B-RCE138T4BK,1
1B-RMF30-WB,1
1B-RRG40CEDBL,1
1B-RTPSTDSBKL,1
D7CE-4,1
D7E-4,1
D8CE-4,1
LIZZY-BS-GB-L,1
LIZZY-BSFL-GB,1
R121-1/4-L,0
R121-7/8-L,1
R121G,1
R121G-3/4,1
R121L,1
R121L-1/2,1
R121L-3/4,1
R121SNWH,1
R122,1
R122-1/2,1
R122-1/4,1
R122-3/4,1
R122-7/8,1
R133-7,1
R19G,0
R20GRG,0
R20GRG-L,0
R20GSNRG,0
R24RO,0
RCE158SN-TSB,1
RCE24RO,0
RGLE18BLF,1
RMA30-WB,1
RMF30-WB,1
RMFE30-WB,1
RRG40CE-DBK-L,1
RTPDLX-FMA,1
RTPSTD-SBK-L,1
RUHWCE,1
RUPR-TQB,1
RUSWB-UB,1
RUTI-CC-L,0
1B-RCE133-7,1
PTWO-BU,1
R18SSN,0
R200L,1
R221BK-3/4,1
RCE133-7,1
RCE138-T4-L,1
RCE138-T4BK-L,1
RCE138-T4STR,1
1B-EAGLESUITE,1
1B-LIZZY-PRO,1
1B-R122L-3/4,1
1B-R200L,1
1B-RCE138T4BL,1
1B-RCE145WH,1
1B-RGLE18BLF,1
D7CE-BFT-4,1
D7CE-SBK-4,1
D7E-BFT-4,1
D7E-SBK-4,1
EAGLESUITE-U,1
LIZZY-PRO,1
R121SN,1
R121SNOC,1
R122-1/2-L,1
R122-1/4-L,1
R122-7/8-L,1
R122G,1
R122G-3/4,1
R122L,1
R122L-3/4,1
R131,1
RCE30TH-ACA,unknown
1B-RCE145LBK,1
R131SN-WR,0
R170F,1
R221SNBK,1
RCE125MMSN,0
RSM-REISSUE,0
1B-RMFE100AVO,1
R121SN-L,1
R122SN,1
R131L,0
R55BFT,1
R55DLX,1
RCE141NT,0
RCE145BK,1
RCE145NT,1
RCE145WH,1
RMFE100AVO,1
STRIPEDSU.ACB,1
1B-RCE125SN,1
RCE125SN,1
RCE131,1
RCE141BK,1
1B-STRIPSU.AC,1
R122SN-L,1
R131SN,1
R55DLX-BFT,1
RCE141NT-L,0
RCE145LBK,1
STRIPSU.ACB-L,1
1B-RCE125SN-L,1
1B-RCE131L,1
RCE125SN-L,1
RCE125SN-SBK,1
RCE131L,1
1B-RCE125SNSB,1
R131SN-L,1
RCE131SN,1
RCE170F,1
1B-RCE159MN-L,1
1B-RCE131SN-L,1
1B-RCE170F-L,1
RCE131SN-L,1
RCE170F-L,1
OER-30063,1
OER-30045,1
OER-30113,1
OER-10070,1
OER-10099,0
OER-20173,1
OER-20175,0
OER-20176,0
OER-20177,1
OER-20178,1
OER-20240,1
OER-20250,1
OER-30047,0
OER-30049,1
OER-30501,0
OER-10023,1
OER-21000,1
OER-21001,1
OER-30062,1
OER-10031,0
OER-10075,0
OER-10098,0
OER-10101,1
OER-30066,1
OER-30095,1
OER-30240,1
OER-BJB30010,1
OER-BJB30020,0
OER-BJB30030,0
OER-BJB30040,1
OER-BJBR303,1
CL4T,1
OER-10016,1
OER-10102,0
OER-20300,1
OER-30521,1
OER-BJBR301,1
OER-BJBR302,1
OER-BJTP3250,1
OER-BJTP3350,1
OER-BJTP3450,1
OER-BJTP3550,1
OER-BJTP3650,1
OER-BJTP3750,1
OER-BJTP3850,1
OER-BJTP3950,1
OER-10003,0
OER-10005,1
OER-10006,0
OER-20270,1
OER-20271,1
OER-20280,1
OER-20281,1
OER-20290,0
OER-20291,0
OER-30050,1
OER-30064,1
OER-40200,1
OER-40210,1
OER-40220,1
OER-40230,1
OER-L20127,0
OER-10096,1
OER-20160,1
OER-20222,1
OER-30310,0
OER-30510,1
OER-30520,1
OER-BJT20010,1
OER-BJT20020,1
OER-BJT20040,1
OER-BJT20050,1
OER-BJT20060,1
OER-BJT20070,1
OER-BJT20080,1
OER-BJT20090,1
OER-BJT20100,1
OER-BJTP3100,1
OMAPRO-BACO,1
OMAUKE-BACO,1
OER-20107,0
OER-20130,1
OER-20170,1
OER-30400,1
OER-30410,1
OER-BJS40040,1
OER-BJS40050,1
OER-BJT20030,1
OER-10080,1
OER-20127,0
OER-20190,0
OER-20260,0
OER-20261,0
OER-21002,1
OER-22030,0
OER-30200,0
OER-30210,1
OER-30220,1
OER-BJS40010,0
OER-BJS40030,1
OER-BJS40060,1
OER-BJT20110,1
OER-20100,1
OER-20181,0
OER-20183,0
OER-21004,0
OER-21005,0
OER-30105,1
OER-30110,1
OER-30111,1
OER-30300,0
OGTPU6-65,1
OUBPU4-84,1
OUPU4-51,1
OUPU4-58,1
OER-10002,0
OER-10008,0
OER-10050,1
OER-30034,1
OER-30037,1
OER-30038,1
OER-30039,1
OER-30042,0
OER-20125,1
OER-20126,1
OER-30250,1
OER-BJS40020,1
OER-10060,0
OER-20101,1
OER-20105,1
OER-20106,1
OER-20128,1
OER-20140,0
OER-20151,1
OER-20152,0
OER-20182,0
OER-30022,1
OER-30033,1
OER-30035,1
OER-30043,0
OER-30070,1
OER-30071,0
OER-30080,1
OER-30081,1
OER-30090,1
OER-30091,1
OER-30092,1
OER-30100,1
OER-30102,0
OER-SPNUT51,1
OER-SPSADDLE,1
OER-RCONE3456,1
OER-20230,0
OER-30001,1
OER-30068,1
OER-30130,0
OER-40100,1
OER-40110,1
OER-40120,1
OER-40130,1
OTM-RESO3456,1
OER-10103,1
OER-20110,1
OER-20120,1
OER-20135,0
OER-30040,0
OER-30115,1
OER-30117,1
OER-30140,1
OER-30141,1
OER-30150,0
OER-30151,1
OER-30160,1
OER-30161,1
OER-30170,1
OER-30171,0
OER-30500,0
OER-30120,1
OER-30122,1
OER-20103,1
OER-20104,1
OER-20150,1
OER-20145,0